PLAYER_NAME,TEAM_ABBREVIATION,AGE,GP,MIN,PTS,REB,AST,STL,BLK,PIE,TS_PCT,NET_RATING,PER_APPROX,BPM_APPROX,VORP_APPROX,WIN_SHARES_APPROX,VALUE_SCORE,AGE_ADJ,VALUE_SCORE_ADJ,SALARY_M,CAP_PCT,SALARY_TIER,MARKET_VALUE_M,SURPLUS_VALUE_M,PLAY_STYLE,PLAY_STYLE_CN,OFFENSIVE_ROLE,DEFENSIVE_ROLE,POSITIONS,POSITION_FLEX,FIT_VERSATILITY_SCORE,TRADE_VALUE,TRADE_VALUE_TIER
Jalen Johnson,ATL,23.0,36,35.7,18.9,10.0,5.0,1.6,1.0,0.135,0.5679086538461537,1.6,26.43,5.02,2.29,5.75,83.4,3,86.4,4.51,3.21,MINIMUM_PLUS,36.4,31.89,PLAYMAKER,組織者型,SECONDARY_PLAYMAKER,PERIMETER_STOPPER,SF/SG,2,93.0,94.1,UNTOUCHABLE
Jalen Williams,OKC,24.0,69,32.4,21.6,5.3,5.1,1.6,0.7,0.138,0.574712643678161,10.2,22.86,6.78,4.99,8.66,85.0,3,88.0,4.78,3.4,MINIMUM_PLUS,38.0,33.22,SCORING_GUARD,得分後衛型,SECONDARY_SCORER,PERIMETER_STOPPER,PG/SG,2,87.8,93.1,UNTOUCHABLE
Alperen Sengun,HOU,22.0,76,31.5,19.1,10.3,4.9,1.1,0.8,0.153,0.5468392120934494,7.6,25.47,5.42,4.51,10.33,86.0,5,91.0,5.42,3.86,ROLE_PLAYER,41.1,35.68,ROLE_PLAYER,角色球員型,SECONDARY_SCORER,REBOUNDER,C/PF,2,82.2,92.6,UNTOUCHABLE
Amen Thompson,HOU,22.0,69,32.3,14.1,8.2,3.8,1.4,1.3,0.129,0.6033892502567614,6.3,23.54,5.91,4.48,8.89,84.6,5,89.6,9.25,6.58,ROLE_PLAYER,39.6,30.35,ROLE_PLAYER,角色球員型,FINISHER,VERSATILE_DEFENDER,SF/SG,2,86.9,89.9,UNTOUCHABLE
Victor Wembanyama,SAS,21.0,46,33.2,24.3,11.0,3.7,1.1,3.8,0.168,0.5954714761811409,2.6,30.15,10.01,4.66,7.8,92.3,5,97.3,12.77,9.08,MID_LEVEL,48.03,35.26,RIM_PROTECTOR,護框中鋒型,SECONDARY_SCORER,RIM_PROTECTOR,C/PF,2,80.1,88.8,UNTOUCHABLE
Josh Giddey,CHI,22.0,70,30.2,14.6,8.1,7.2,1.2,0.6,0.13,0.5699562773266709,-1.4,23.9,2.49,2.41,8.56,79.7,5,84.7,8.35,5.94,ROLE_PLAYER,34.7,26.35,PLAYMAKER,組織者型,PRIMARY_PLAYMAKER,VERSATILE_DEFENDER,SF/SG,2,88.0,87.2,UNTOUCHABLE
Jalen Duren,DET,21.0,78,26.1,11.8,10.3,2.7,0.7,1.1,0.14,0.705404112864658,1.5,24.05,4.96,3.6,8.29,86.4,5,91.4,4.54,3.23,MINIMUM_PLUS,41.54,37.0,ROLE_PLAYER,角色球員型,FINISHER,REBOUNDER,PF/SF,2,65.2,86.7,UNTOUCHABLE
Evan Mobley,CLE,24.0,71,30.5,18.5,9.3,3.2,0.9,1.6,0.151,0.6295943370541791,11.9,25.48,8.55,5.8,9.35,91.4,3,94.4,11.23,7.99,MID_LEVEL,44.84,33.61,PAINT_BEAST,禁區猛獸型,FLOOR_SPACER,RIM_PROTECTOR,C/PF,2,75.1,86.6,UNTOUCHABLE
Christian Braun,DEN,24.0,79,33.9,15.4,5.2,2.6,1.1,0.5,0.096,0.6644804970659303,8.2,19.78,5.35,5.0,8.97,73.3,3,76.3,3.09,2.2,MINIMUM_PLUS,26.3,23.21,TWO_WAY_WING,雙向側翼型,FLOOR_SPACER,VERSATILE_DEFENDER,PG/SG,2,83.0,85.4,UNTOUCHABLE
Franz Wagner,ORL,23.0,60,33.7,24.2,5.7,4.7,1.3,0.4,0.153,0.5579122095167834,6.0,21.92,4.65,3.42,7.51,82.2,3,85.2,7.01,4.99,ROLE_PLAYER,35.2,28.19,ROLE_PLAYER,角色球員型,SECONDARY_SCORER,SOLID_DEFENDER,PF/SF,2,70.4,85.4,UNTOUCHABLE
Cade Cunningham,DET,23.0,70,35.0,26.1,6.1,9.1,1.0,0.8,0.152,0.5641535535189348,2.8,27.57,5.43,4.62,11.44,88.6,3,91.6,13.94,9.92,MID_LEVEL,41.76,27.82,FLOOR_GENERAL,地板指揮官型,PRIMARY_SCORER,VERSATILE_DEFENDER,PG/SG,2,88.2,84.9,FRANCHISE
Mark Williams,CHA,23.0,44,26.6,15.3,10.2,2.5,0.7,1.2,0.156,0.6467703753804532,-12.7,24.25,0.14,0.64,4.81,80.5,3,83.5,4.09,2.91,MINIMUM_PLUS,33.5,29.41,ROLE_PLAYER,角色球員型,FINISHER,REBOUNDER,C/PF,2,65.2,82.7,FRANCHISE
Scottie Barnes,TOR,23.0,65,32.8,19.3,7.7,5.8,1.4,1.0,0.139,0.5237733391228833,-2.7,23.42,2.35,2.36,8.46,78.7,3,81.7,10.13,7.21,MID_LEVEL,31.7,21.57,PLAYMAKER,組織者型,SECONDARY_SCORER,VERSATILE_DEFENDER,SF/SG,2,93.8,82.5,FRANCHISE
Dyson Daniels,ATL,22.0,76,33.8,14.1,5.9,4.4,3.0,0.7,0.099,0.5468507601613404,-0.9,22.16,3.81,3.79,9.64,69.4,5,74.4,6.06,4.31,ROLE_PLAYER,24.4,18.34,TWO_WAY_WING,雙向側翼型,SECONDARY_PLAYMAKER,PERIMETER_STOPPER,SF/SG,2,86.9,80.8,FRANCHISE
Walker Kessler,UTA,23.0,58,30.0,11.1,12.2,1.7,0.6,2.4,0.127,0.6651486097794821,-9.1,25.3,2.8,2.12,7.46,80.2,3,83.2,2.97,2.11,MINIMUM_PLUS,33.2,30.23,RIM_PROTECTOR,護框中鋒型,FINISHER,RIM_PROTECTOR,C/PF,2,60.5,80.8,FRANCHISE
Ivica Zubac,LAC,28.0,80,32.8,16.8,12.6,2.7,0.7,1.1,0.157,0.6402439024390244,9.4,27.21,7.24,6.16,12.09,92.1,0,92.1,11.74,8.35,MID_LEVEL,42.31,30.57,ROLE_PLAYER,角色球員型,FINISHER,REBOUNDER,C/PF,2,65.2,79.9,FRANCHISE
Dereck Lively II,DAL,21.0,36,23.1,8.7,7.5,2.4,0.6,1.6,0.124,0.7038834951456311,7.7,20.5,6.29,1.75,2.89,73.3,5,78.3,5.01,3.56,ROLE_PLAYER,28.3,23.29,RIM_PROTECTOR,護框中鋒型,FINISHER,RIM_PROTECTOR,C/PF,2,60.5,78.3,FRANCHISE
Shai Gilgeous-Alexander,OKC,26.0,76,34.2,32.7,5.0,6.4,1.7,1.0,0.199,0.6368806481770022,16.7,29.81,12.5,9.58,13.12,96.3,0,96.3,35.86,25.51,MAX,46.93,11.07,VERSATILE_SCORER,多元得分手型,PRIMARY_SCORER,PERIMETER_STOPPER,PG/SG,2,86.3,78.0,FRANCHISE
Trey Murphy III,NOP,25.0,53,35.0,21.2,5.1,3.5,1.1,0.7,0.11,0.5991408546235586,-9.7,19.52,0.05,0.97,6.13,69.9,0,69.9,5.16,3.67,ROLE_PLAYER,19.94,14.78,TWO_WAY_WING,雙向側翼型,FLOOR_SPACER,VERSATILE_DEFENDER,SF/SG,2,87.0,77.7,FRANCHISE
Tari Eason,HOU,24.0,57,24.9,12.0,6.4,1.5,1.7,0.9,0.117,0.5664652567975831,5.6,17.57,3.56,2.0,4.22,65.6,3,68.6,3.7,2.63,MINIMUM_PLUS,19.16,15.46,TWO_WAY_WING,雙向側翼型,FINISHER,PERIMETER_STOPPER,SF/SG,2,70.2,76.8,FRANCHISE
Zion Williamson,NOP,24.0,30,28.6,24.6,7.2,5.3,1.2,0.9,0.167,0.6023506366307543,-1.8,27.89,4.31,1.38,4.05,87.1,3,90.1,36.73,26.13,MAX,40.11,3.38,VERSATILE_SCORER,多元得分手型,SECONDARY_SCORER,VERSATILE_DEFENDER,PG/SG,2,93.4,76.3,FRANCHISE
Jayson Tatum,BOS,27.0,72,36.4,26.8,8.7,6.0,1.1,0.5,0.158,0.5830142707970762,9.8,25.9,7.46,6.3,11.5,91.8,0,91.8,34.85,24.79,MAX,41.98,7.13,VERSATILE_SCORER,多元得分手型,PRIMARY_SCORER,VERSATILE_DEFENDER,SF/SG,2,84.9,74.7,FRANCHISE
Anthony Edwards,MIN,23.0,79,36.3,27.6,5.7,4.5,1.2,0.6,0.14,0.5955463490419473,4.8,22.35,5.66,5.58,10.86,87.8,3,90.8,42.18,30.0,SUPERMAX,40.88,-1.3,VERSATILE_SCORER,多元得分手型,PRIMARY_SCORER,VERSATILE_DEFENDER,PG/SG,2,88.8,74.4,FRANCHISE
Nikola Jokić,DEN,30.0,70,36.7,29.6,12.7,10.2,1.8,0.6,0.206,0.6632012905538628,10.5,40.27,12.74,9.62,17.52,99.2,-2,97.2,51.42,36.57,SUPERMAX,47.92,-3.5,FLOOR_GENERAL,地板指揮官型,PRIMARY_PLAYMAKER,REBOUNDER,C/PF,2,79.8,74.2,FRANCHISE
Santi Aldama,MEM,24.0,65,25.5,12.5,6.4,2.9,0.8,0.4,0.121,0.588733986435569,3.5,17.34,1.7,1.56,4.87,68.0,3,71.0,3.96,2.82,MINIMUM_PLUS,21.0,17.04,STRETCH_BIG,空間型大個子,FLOOR_SPACER,LIMITED_DEFENDER,C/PF,2,58.1,73.7,FRANCHISE
Deni Avdija,POR,24.0,72,30.0,16.9,7.3,3.9,1.0,0.5,0.126,0.604089219330855,-0.9,20.74,2.23,2.32,7.59,77.5,3,80.5,15.62,11.11,MID_LEVEL,30.5,14.88,STRETCH_BIG,空間型大個子,FLOOR_SPACER,VERSATILE_DEFENDER,PF/SF,2,84.9,72.7,FRANCHISE
Luka Dončić,LAL,26.0,50,35.4,28.2,8.2,7.7,1.8,0.4,0.17,0.5880880880880881,9.1,28.3,8.79,4.85,8.48,92.7,0,92.7,43.03,30.61,SUPERMAX,42.97,-0.06,VERSATILE_SCORER,多元得分手型,PRIMARY_SCORER,PERIMETER_STOPPER,PG/SG,2,79.4,72.1,FRANCHISE
Giannis Antetokounmpo,MIL,30.0,67,34.2,30.4,11.9,6.5,0.9,1.2,0.21,0.6238712855032015,7.2,36.35,9.55,6.72,14.11,97.5,-2,95.5,48.79,34.7,SUPERMAX,46.05,-2.74,PAINT_BEAST,禁區猛獸型,PRIMARY_SCORER,REBOUNDER,C/PF,2,75.1,71.8,FRANCHISE
Brandin Podziemski,GSW,22.0,64,26.8,11.7,5.1,3.4,1.1,0.2,0.114,0.5592734225621414,6.6,15.81,1.94,1.72,4.59,61.1,5,66.1,3.52,2.5,MINIMUM_PLUS,17.66,14.14,THREE_AND_D,3D 球員型,FLOOR_SPACER,SOLID_DEFENDER,PG/SG,2,58.8,71.4,FRANCHISE
Paolo Banchero,ORL,22.0,46,34.4,25.9,7.5,4.8,0.8,0.6,0.157,0.551157643854273,-0.6,23.04,2.73,1.9,6.18,80.8,5,85.8,12.16,8.65,MID_LEVEL,35.8,23.64,ROLE_PLAYER,角色球員型,PRIMARY_SCORER,LIMITED_DEFENDER,PF/SF,2,58.1,70.8,FRANCHISE
Jarrett Allen,CLE,27.0,82,28.0,13.5,9.7,1.9,0.9,0.9,0.148,0.7261187607573151,10.5,23.92,8.01,5.84,9.3,89.1,0,89.1,20.0,14.23,NEAR_MAX,39.1,19.1,ROLE_PLAYER,角色球員型,FINISHER,REBOUNDER,PF/SF,2,66.7,70.6,FRANCHISE
Josh Hart,NYK,30.0,77,37.6,13.6,9.6,5.9,1.5,0.4,0.119,0.6077940650697176,3.6,25.02,4.72,4.94,12.27,84.0,-2,82.0,18.14,12.9,MID_LEVEL,32.0,13.86,TWO_WAY_WING,雙向側翼型,SECONDARY_PLAYMAKER,PERIMETER_STOPPER,PG/SG,2,79.4,70.5,FRANCHISE
LeBron James,LAL,40.0,70,34.9,24.4,7.8,8.2,1.0,0.6,0.169,0.6049186830622768,-1.3,29.02,4.58,4.08,12.01,92.7,-5,87.7,48.73,34.66,SUPERMAX,26.39,-22.34,FLOOR_GENERAL,地板指揮官型,PRIMARY_PLAYMAKER,VERSATILE_DEFENDER,PF/SF,2,88.2,70.4,FRANCHISE
Karl-Anthony Towns,NYK,29.0,72,35.0,24.4,12.8,3.1,1.0,0.7,0.161,0.6286067600989284,6.8,28.6,7.36,5.99,12.21,94.1,-2,92.1,49.21,35.0,SUPERMAX,42.31,-6.9,STRETCH_BIG,空間型大個子,SECONDARY_SCORER,REBOUNDER,C/PF,2,76.8,70.2,FRANCHISE
James Harden,LAC,35.0,79,35.3,22.8,5.8,8.7,1.5,0.7,0.145,0.5812767693249032,6.2,24.3,6.74,6.19,11.48,89.1,-5,84.1,33.65,23.94,MAX,23.87,-9.78,FLOOR_GENERAL,地板指揮官型,PRIMARY_PLAYMAKER,PERIMETER_STOPPER,PG/SG,2,89.9,70.1,FRANCHISE
Anthony Davis,DAL,32.0,51,33.4,24.7,11.6,3.5,1.2,2.2,0.179,0.5889927508584509,0.5,29.85,7.13,3.95,8.61,92.1,-2,90.1,43.22,30.74,SUPERMAX,38.1,-5.12,RIM_PROTECTOR,護框中鋒型,SECONDARY_SCORER,RIM_PROTECTOR,PF/SF,2,79.2,70.1,FRANCHISE
Onyeka Okongwu,ATL,24.0,74,27.9,13.4,8.9,2.3,0.9,0.9,0.122,0.639557082856052,1.1,21.51,3.39,2.83,7.52,78.7,3,81.7,14.0,9.96,MID_LEVEL,31.7,17.7,ROLE_PLAYER,角色球員型,FINISHER,REBOUNDER,PF/SF,2,71.2,70.0,FRANCHISE
Toumani Camara,POR,25.0,78,32.7,11.3,5.8,2.2,1.5,0.6,0.076,0.5704765751211632,-1.8,16.44,0.62,1.7,7.1,51.5,0,51.5,1.89,1.34,MINIMUM,8.9,7.01,THREE_AND_D,3D 球員型,FLOOR_SPACER,PERIMETER_STOPPER,SF/SG,2,79.3,69.9,ALL_STAR
Jakob Poeltl,TOR,29.0,57,29.6,14.5,9.6,2.8,1.2,1.2,0.133,0.6415929203539824,-0.7,24.64,4.22,2.67,7.04,85.0,-2,83.0,19.5,13.87,MID_LEVEL,33.0,13.5,STRETCH_BIG,空間型大個子,FINISHER,REBOUNDER,C/PF,2,75.4,69.2,ALL_STAR
Domantas Sabonis,SAC,29.0,70,34.7,19.1,13.9,6.0,0.7,0.4,0.164,0.6539304300191728,2.6,31.11,5.85,4.84,12.8,94.7,-2,92.7,40.5,28.81,SUPERMAX,42.97,2.47,PAINT_BEAST,禁區猛獸型,SECONDARY_PLAYMAKER,REBOUNDER,PF/SF,2,65.2,67.4,ALL_STAR
Tyrese Haliburton,IND,25.0,73,33.6,18.6,3.5,9.2,1.4,0.7,0.143,0.6150793650793651,3.5,24.28,5.49,4.67,10.09,87.9,0,87.9,42.18,30.0,SUPERMAX,37.9,-4.28,PLAYMAKER,組織者型,PRIMARY_PLAYMAKER,VERSATILE_DEFENDER,PG/SG,2,74.3,67.4,ALL_STAR
Luke Kornet,BOS,29.0,73,18.6,6.0,5.3,1.6,0.5,1.0,0.114,0.6861848124428179,14.9,15.35,6.0,2.76,3.53,63.1,-2,61.1,2.09,1.49,MINIMUM_PLUS,14.66,12.57,ROLE_PLAYER,角色球員型,FINISHER,SOLID_DEFENDER,C/PF,2,54.5,67.3,ALL_STAR
Bam Adebayo,MIA,27.0,78,34.3,18.1,9.6,4.3,1.3,0.7,0.137,0.5604409214763438,0.1,23.93,3.15,3.5,10.84,82.1,0,82.1,34.85,24.79,MAX,32.1,-2.75,STRETCH_BIG,空間型大個子,SECONDARY_SCORER,REBOUNDER,PF/SF,2,81.9,67.2,ALL_STAR
Chet Holmgren,OKC,23.0,32,27.4,15.0,8.0,2.0,0.7,2.2,0.122,0.5977048135160982,16.1,20.95,8.68,2.38,3.11,74.5,3,77.5,10.88,7.74,MID_LEVEL,27.5,16.62,RIM_PROTECTOR,護框中鋒型,FLOOR_SPACER,RIM_PROTECTOR,C/PF,2,65.2,67.0,ALL_STAR
Jaylin Williams,OKC,23.0,47,16.7,5.9,5.6,2.6,0.5,0.6,0.124,0.5942788074133762,17.9,13.87,4.76,1.35,1.84,57.1,3,60.1,2.02,1.44,MINIMUM_PLUS,14.06,12.04,STRETCH_BIG,空間型大個子,FLOOR_SPACER,SOLID_DEFENDER,PF/SF,2,54.0,66.6,ALL_STAR
Ty Jerome,CLE,27.0,70,19.9,12.5,2.5,3.4,1.1,0.0,0.134,0.6427396133278486,9.9,15.51,3.9,2.09,3.66,68.3,0,68.3,2.56,1.82,MINIMUM_PLUS,18.98,16.42,TWO_WAY_WING,雙向側翼型,FLOOR_SPACER,LIMITED_DEFENDER,PG/SG,2,39.3,65.6,ALL_STAR
Isaiah Hartenstein,OKC,27.0,57,27.9,11.2,10.7,3.8,0.8,1.1,0.138,0.6006006006006006,13.0,23.56,6.73,3.53,6.35,83.9,0,83.9,30.0,21.34,MAX,33.9,3.9,ROLE_PLAYER,角色球員型,FINISHER,REBOUNDER,C/PF,2,70.1,65.0,ALL_STAR
Nikola Vučević,CHI,34.0,73,31.2,18.5,10.1,3.5,0.8,0.7,0.136,0.613395225464191,-2.4,24.42,2.67,2.7,9.42,84.9,-5,79.9,20.0,14.23,NEAR_MAX,25.42,5.42,STRETCH_BIG,空間型大個子,FLOOR_SPACER,REBOUNDER,PF/SF,2,70.1,63.6,ALL_STAR
Zach Edey,MEM,23.0,66,21.5,9.2,8.3,1.0,0.5,1.3,0.111,0.6186121570736955,5.3,17.99,3.15,1.86,4.32,66.3,3,69.3,5.76,4.1,ROLE_PLAYER,19.58,13.82,STRETCH_BIG,空間型大個子,FINISHER,REBOUNDER,C/PF,2,54.1,63.3,ALL_STAR
Jamal Murray,DEN,28.0,67,36.1,21.4,3.9,6.0,1.4,0.5,0.111,0.5838061981667394,6.5,21.8,5.17,4.41,8.93,77.7,0,77.7,36.02,25.62,MAX,27.7,-8.32,PLAYMAKER,組織者型,SECONDARY_SCORER,VERSATILE_DEFENDER,PG/SG,2,78.7,63.0,ALL_STAR
Justin Champagnie,WAS,24.0,62,21.6,8.8,5.7,1.0,1.0,0.6,0.101,0.617283950617284,-9.7,14.8,-2.25,-0.09,3.36,47.4,3,50.4,1.8,1.28,MINIMUM,8.24,6.44,THREE_AND_D,3D 球員型,FLOOR_SPACER,VERSATILE_DEFENDER,PG/SG,2,63.1,62.8,ALL_STAR
Austin Reaves,LAL,27.0,73,34.9,20.2,4.5,5.8,1.1,0.3,0.118,0.6158536585365854,3.8,20.84,4.14,3.97,8.99,79.5,0,79.5,12.98,9.23,MID_LEVEL,29.5,16.52,PLAYMAKER,組織者型,SECONDARY_SCORER,LIMITED_DEFENDER,PG/SG,2,53.1,62.4,ALL_STAR
Kawhi Leonard,LAC,34.0,37,31.9,21.5,5.9,3.1,1.6,0.5,0.134,0.588976550515012,12.4,21.56,7.03,2.71,4.31,80.4,-5,75.4,49.35,35.1,SUPERMAX,21.59,-27.76,SCORING_GUARD,得分後衛型,SECONDARY_SCORER,PERIMETER_STOPPER,SF/SG,2,84.9,62.4,ALL_STAR
Ausar Thompson,DET,22.0,59,22.5,10.1,5.1,2.3,1.7,0.7,0.104,0.5702348690153568,4.0,17.11,2.51,1.52,3.85,59.5,5,64.5,8.38,5.96,ROLE_PLAYER,16.7,8.32,ROLE_PLAYER,角色球員型,FINISHER,PERIMETER_STOPPER,PG/SG,2,78.1,62.3,ALL_STAR
Jaren Jackson Jr.,MEM,25.0,74,29.8,22.2,5.6,2.0,1.2,1.5,0.124,0.5911802300809544,6.4,20.96,5.94,4.45,7.83,79.5,0,79.5,25.26,17.97,NEAR_MAX,29.5,4.24,STRETCH_BIG,空間型大個子,SECONDARY_SCORER,RIM_PROTECTOR,PF/SF,2,68.0,62.2,ALL_STAR
John Collins,UTA,27.0,40,30.5,19.0,8.2,2.0,1.0,1.0,0.129,0.6289724576271186,-0.9,22.3,3.5,1.7,4.61,79.8,0,79.8,26.58,18.91,NEAR_MAX,29.8,3.22,STRETCH_BIG,空間型大個子,SECONDARY_SCORER,REBOUNDER,PF/SF,2,68.0,62.0,ALL_STAR
Kel'el Ware,MIA,21.0,64,22.2,9.3,7.4,0.9,0.6,1.1,0.119,0.6007751937984497,1.9,16.72,1.44,1.24,4.02,61.9,5,66.9,4.23,3.01,MINIMUM_PLUS,18.14,13.91,ROLE_PLAYER,角色球員型,FINISHER,LIMITED_DEFENDER,C/PF,2,40.9,61.8,ALL_STAR
Russell Westbrook,DEN,36.0,75,27.9,13.3,4.9,6.1,1.4,0.5,0.093,0.5335365853658537,-0.6,19.45,1.04,1.62,6.89,60.0,-5,55.0,3.3,2.35,MINIMUM_PLUS,7.7,4.4,PLAYMAKER,組織者型,SECONDARY_PLAYMAKER,VERSATILE_DEFENDER,PG/SG,2,84.9,61.6,ALL_STAR
Daniel Gafford,DAL,26.0,57,21.5,12.3,6.8,1.4,0.4,1.8,0.141,0.7154490460679386,1.5,20.91,4.81,2.12,4.34,78.9,0,78.9,13.39,9.52,MID_LEVEL,28.9,15.51,ROLE_PLAYER,角色球員型,FINISHER,RIM_PROTECTOR,PF/SF,2,53.1,61.5,ALL_STAR
Day'Ron Sharpe,BKN,23.0,50,18.1,7.9,6.6,1.8,0.8,0.8,0.134,0.567528735632184,2.1,15.77,0.54,0.58,2.42,57.0,3,60.0,3.99,2.84,MINIMUM_PLUS,14.0,10.01,ROLE_PLAYER,角色球員型,FINISHER,SOLID_DEFENDER,PF/SF,2,60.4,61.3,ALL_STAR
Guerschon Yabusele,PHI,29.0,70,27.1,11.0,5.6,2.1,0.8,0.3,0.092,0.6193693693693693,-3.2,15.79,-0.43,0.76,5.07,55.1,-2,53.1,2.09,1.49,MINIMUM_PLUS,9.86,7.77,THREE_AND_D,3D 球員型,FLOOR_SPACER,LIMITED_DEFENDER,SF/SG,2,53.1,61.3,ALL_STAR
Scotty Pippen Jr.,MEM,24.0,79,21.3,9.9,3.3,4.4,1.3,0.4,0.106,0.5845536136041568,1.3,16.15,1.08,1.32,4.6,58.8,3,61.8,2.09,1.49,MINIMUM_PLUS,15.08,12.99,THREE_AND_D,3D 球員型,SECONDARY_PLAYMAKER,LIMITED_DEFENDER,PG,1,35.8,61.0,ALL_STAR
Goga Bitadze,ORL,25.0,70,20.4,7.2,6.6,2.0,0.7,1.4,0.134,0.63875088715401,2.7,17.53,2.84,1.76,4.24,70.3,0,70.3,9.06,6.44,ROLE_PLAYER,20.3,11.24,ROLE_PLAYER,角色球員型,FINISHER,SOLID_DEFENDER,PF/SF,2,58.5,59.4,ALL_STAR
Desmond Bane,ORL,27.0,69,32.0,19.2,6.1,5.3,1.2,0.4,0.131,0.5971634735008708,2.8,22.17,3.81,3.26,8.29,82.5,0,82.5,34.01,24.19,MAX,32.5,-1.51,PLAYMAKER,組織者型,SECONDARY_PLAYMAKER,LIMITED_DEFENDER,PG/SG,2,58.4,59.2,ALL_STAR
Jalen Suggs,ORL,24.0,35,28.6,16.2,4.0,3.7,1.5,0.9,0.107,0.5377057886351566,1.0,16.64,2.01,1.02,2.82,57.6,3,60.6,9.19,6.54,ROLE_PLAYER,14.36,5.17,ROLE_PLAYER,角色球員型,FINISHER,PERIMETER_STOPPER,PG/SG,2,79.8,58.7,ALL_STAR
Kristaps Porziņģis,BOS,29.0,42,28.8,19.5,6.8,2.1,0.7,1.5,0.132,0.6183409436834095,5.8,20.54,5.42,2.28,4.21,79.1,-2,77.1,29.27,20.82,NEAR_MAX,27.1,-2.17,STRETCH_BIG,空間型大個子,SECONDARY_SCORER,RIM_PROTECTOR,C/PF,2,65.2,58.7,ALL_STAR
Kevin Durant,PHX,36.0,62,36.5,26.6,6.0,4.2,0.8,1.2,0.142,0.6440054232035638,-1.0,25.62,5.02,4.04,9.82,91.2,-5,86.2,51.18,36.4,SUPERMAX,25.34,-25.84,STRETCH_BIG,空間型大個子,SECONDARY_SCORER,LIMITED_DEFENDER,C/PF,2,58.1,58.6,ALL_STAR
Jeremy Sochan,SAS,22.0,54,25.3,11.4,6.5,2.4,0.8,0.5,0.101,0.5869028006589786,-2.7,17.46,-0.31,0.59,4.04,57.8,5,62.8,5.57,3.96,ROLE_PLAYER,15.68,10.11,ROLE_PLAYER,角色球員型,FINISHER,LIMITED_DEFENDER,SF/SG,2,58.1,58.4,ALL_STAR
Pascal Siakam,IND,31.0,78,32.7,20.2,6.9,3.4,0.9,0.5,0.13,0.5970678647434381,5.5,21.89,4.15,3.99,9.46,82.4,-2,80.4,42.18,30.0,SUPERMAX,28.88,-13.3,ROLE_PLAYER,角色球員型,SECONDARY_SCORER,LIMITED_DEFENDER,SF/SG,2,63.1,58.4,ALL_STAR
Kyrie Irving,DAL,33.0,50,36.1,24.7,4.8,4.6,1.3,0.5,0.129,0.5939784532512505,2.6,21.99,4.37,2.92,6.72,81.5,-5,76.5,41.0,29.16,SUPERMAX,22.52,-18.48,SCORING_GUARD,得分後衛型,SECONDARY_SCORER,VERSATILE_DEFENDER,PG,1,69.7,58.1,ALL_STAR
Rudy Gobert,MIN,33.0,72,33.2,12.0,10.9,1.8,0.8,1.4,0.126,0.6839945280437756,6.7,23.92,6.62,5.24,9.68,84.3,-5,79.3,43.83,31.18,SUPERMAX,24.9,-18.93,ROLE_PLAYER,角色球員型,FINISHER,REBOUNDER,C/PF,2,65.5,58.1,ALL_STAR
Brandon Miller,CHA,22.0,27,34.2,21.0,4.9,3.6,1.1,0.7,0.1,0.5391250770178682,-6.8,17.07,-0.33,0.39,2.67,53.8,5,58.8,11.42,8.12,MID_LEVEL,13.28,1.86,SCORING_GUARD,得分後衛型,SECONDARY_SCORER,VERSATILE_DEFENDER,SF/SG,2,85.6,57.8,ALL_STAR
De'Aaron Fox,SAS,27.0,62,36.1,23.5,4.8,6.3,1.5,0.4,0.119,0.5583539251092948,-1.2,22.87,2.92,2.8,8.67,76.8,0,76.8,34.85,24.79,MAX,26.8,-8.05,PLAYMAKER,組織者型,SECONDARY_SCORER,PERIMETER_STOPPER,PG,1,64.4,57.4,ALL_STAR
Moussa Diabaté,CHA,23.0,71,17.5,5.7,6.2,0.8,0.6,0.6,0.115,0.6190269331016508,-3.4,13.94,-1.34,0.21,2.93,48.7,3,51.7,0.96,0.68,MINIMUM,9.02,8.06,ROLE_PLAYER,角色球員型,FINISHER,LIMITED_DEFENDER,PF/SF,2,40.0,57.3,ALL_STAR
Tyler Herro,MIA,25.0,77,35.4,23.9,5.2,5.5,0.9,0.2,0.139,0.605124569576666,1.3,22.08,3.34,3.7,10.19,84.6,0,84.6,29.0,20.63,NEAR_MAX,34.6,5.6,SCORING_GUARD,得分後衛型,SECONDARY_SCORER,LIMITED_DEFENDER,PG/SG,2,46.8,57.3,ALL_STAR
P.J. Washington,DAL,26.0,57,32.2,14.7,7.8,2.3,1.1,1.1,0.097,0.5551359516616314,1.1,18.97,2.27,1.99,5.9,62.5,0,62.5,15.5,11.03,MID_LEVEL,15.5,0.0,TWO_WAY_WING,雙向側翼型,FLOOR_SPACER,VERSATILE_DEFENDER,PG/SG,2,80.2,57.0,ALL_STAR
Derrick White,BOS,30.0,76,33.9,16.4,4.5,4.8,0.9,1.1,0.106,0.6063294883170659,10.2,19.05,5.95,5.2,8.31,75.7,-2,73.7,20.02,14.24,NEAR_MAX,23.7,3.68,THREE_AND_D,3D 球員型,SECONDARY_PLAYMAKER,LIMITED_DEFENDER,PG/SG,2,61.9,57.0,ALL_STAR
OG Anunoby,NYK,27.0,74,36.6,18.0,4.8,2.2,1.5,0.9,0.093,0.5896226415094339,5.4,18.48,4.42,4.42,8.48,67.7,0,67.7,36.64,26.06,MAX,18.62,-18.02,TWO_WAY_WING,雙向側翼型,FLOOR_SPACER,PERIMETER_STOPPER,SF/SG,2,79.3,56.8,ALL_STAR
Nikola Jović,MIA,22.0,46,25.1,10.7,3.9,2.8,0.8,0.3,0.098,0.5920761398849048,-1.1,14.15,-0.55,0.43,2.77,47.5,5,52.5,2.46,1.75,MINIMUM_PLUS,9.5,7.04,STRETCH_BIG,空間型大個子,FLOOR_SPACER,LIMITED_DEFENDER,PF/SF,2,53.1,56.6,ALL_STAR
Karlo Matković,NOP,24.0,42,18.8,7.7,5.0,1.1,0.5,1.0,0.096,0.6374172185430463,-4.7,14.51,-0.78,0.24,1.94,44.6,3,47.6,1.41,1.0,MINIMUM,7.4,5.99,ROLE_PLAYER,角色球員型,FINISHER,LIMITED_DEFENDER,PF/SF,2,43.5,56.5,ALL_STAR
Quentin Grimes,PHI,25.0,75,26.8,14.6,4.3,3.0,1.0,0.3,0.105,0.5946562398175301,-6.2,16.24,-1.02,0.5,5.53,58.8,0,58.8,4.3,3.06,MINIMUM_PLUS,13.28,8.98,TWO_WAY_WING,雙向側翼型,FLOOR_SPACER,LIMITED_DEFENDER,PG/SG,2,53.1,56.0,ALL_STAR
Yves Missi,NOP,21.0,73,26.8,9.1,8.2,1.4,0.5,1.3,0.09,0.5736258194654563,-12.7,17.66,-3.08,-0.54,5.85,49.2,5,54.2,3.2,2.28,MINIMUM_PLUS,10.52,7.32,ROLE_PLAYER,角色球員型,FINISHER,REBOUNDER,C/PF,2,56.2,55.7,ALL_STAR
Tyrese Maxey,PHI,24.0,52,37.7,26.3,3.3,6.1,1.8,0.4,0.127,0.5604330037504263,-3.5,21.55,2.79,2.39,7.16,75.3,3,78.3,35.15,25.0,MAX,28.3,-6.85,VERSATILE_SCORER,多元得分手型,SECONDARY_SCORER,PERIMETER_STOPPER,PG,1,56.8,55.6,ALL_STAR
Kevin Porter Jr.,MIL,25.0,75,19.8,10.3,3.7,3.4,1.1,0.2,0.119,0.5302718286655684,1.1,14.22,-0.78,0.46,3.58,49.5,0,49.5,2.24,1.59,MINIMUM_PLUS,7.88,5.64,ROLE_PLAYER,角色球員型,FINISHER,SOLID_DEFENDER,PG/SG,2,58.8,55.4,ALL_STAR
Dejounte Murray,NOP,28.0,31,32.6,17.5,6.5,7.4,2.0,0.4,0.118,0.4954699886749716,-9.1,21.66,-0.25,0.45,3.71,64.2,0,64.2,29.54,21.01,NEAR_MAX,16.52,-13.02,PLAYMAKER,組織者型,PRIMARY_PLAYMAKER,PERIMETER_STOPPER,PG/SG,2,79.4,55.3,ALL_STAR
Kyle Filipowski,UTA,21.0,72,21.1,9.6,6.1,1.9,0.7,0.3,0.103,0.594059405940594,-11.3,15.23,-3.67,-0.64,3.92,48.9,5,53.9,3.0,2.13,MINIMUM_PLUS,10.34,7.34,STRETCH_BIG,空間型大個子,FINISHER,LIMITED_DEFENDER,C/PF,2,53.1,55.2,ALL_STAR
Payton Pritchard,BOS,27.0,80,28.4,14.3,3.8,3.5,0.9,0.2,0.116,0.6336405529953917,9.5,16.36,4.15,3.55,6.3,71.3,0,71.3,6.7,4.77,ROLE_PLAYER,21.3,14.6,THREE_AND_D,3D 球員型,FLOOR_SPACER,LIMITED_DEFENDER,PG,1,31.8,55.2,ALL_STAR
Adem Bona,PHI,22.0,58,15.6,5.8,4.2,0.5,0.4,1.2,0.093,0.7164031620553359,-6.6,13.76,-0.22,0.41,2.11,42.8,5,47.8,1.16,0.83,MINIMUM,7.45,6.29,ROLE_PLAYER,角色球員型,FINISHER,LIMITED_DEFENDER,PF/SF,2,39.2,55.0,ALL_STAR
Keon Ellis,SAC,25.0,80,24.4,8.3,2.7,1.5,1.5,0.8,0.073,0.6604073838319543,3.0,13.71,2.92,2.44,4.53,45.9,0,45.9,2.12,1.51,MINIMUM_PLUS,6.97,4.85,THREE_AND_D,3D 球員型,FLOOR_SPACER,PERIMETER_STOPPER,PG/SG,2,65.9,54.9,QUALITY_STARTER
Moritz Wagner,ORL,28.0,30,18.8,12.9,4.9,1.4,0.8,0.4,0.165,0.6496776792908944,-0.9,16.42,0.99,0.43,1.57,66.5,0,66.5,11.0,7.82,MID_LEVEL,17.9,6.9,STRETCH_BIG,空間型大個子,FLOOR_SPACER,SOLID_DEFENDER,C/PF,2,59.6,54.8,QUALITY_STARTER
Andrew Wiggins,MIA,30.0,60,30.7,18.0,4.5,2.6,1.0,0.8,0.105,0.5663226780770199,-2.3,16.91,0.79,1.31,5.28,61.2,-2,59.2,26.28,18.69,NEAR_MAX,13.52,-12.76,TWO_WAY_WING,雙向側翼型,SECONDARY_SCORER,VERSATILE_DEFENDER,SF/SG,2,82.9,53.8,QUALITY_STARTER
Jimmy Butler III,GSW,35.0,55,31.7,17.5,5.4,5.4,1.4,0.3,0.145,0.6239304050199658,6.3,21.97,5.17,3.18,6.49,85.8,-5,80.8,48.8,34.71,SUPERMAX,21.56,-27.24,PLAYMAKER,組織者型,SECONDARY_PLAYMAKER,LIMITED_DEFENDER,SF/SG,2,53.1,53.8,QUALITY_STARTER
Myles Turner,IND,29.0,72,30.2,15.6,6.5,1.5,0.8,2.0,0.103,0.6116687578419071,4.7,19.21,5.06,3.9,7.07,71.6,-2,69.6,19.93,14.18,MID_LEVEL,19.76,-0.17,STRETCH_BIG,空間型大個子,FLOOR_SPACER,RIM_PROTECTOR,C/PF,2,61.2,53.7,QUALITY_STARTER
Bobby Portis,MIL,30.0,49,25.4,13.9,8.4,2.1,0.7,0.5,0.131,0.5446708463949843,3.4,17.93,1.2,1.01,3.78,65.4,-2,63.4,12.58,8.95,MID_LEVEL,16.04,3.46,STRETCH_BIG,空間型大個子,FLOOR_SPACER,REBOUNDER,PF/SF,2,65.2,53.5,QUALITY_STARTER
Tobias Harris,DET,32.0,73,31.6,13.7,5.9,2.2,1.0,0.8,0.1,0.5702630702630702,3.9,17.17,2.26,2.5,6.71,62.3,-2,60.3,25.37,18.05,NEAR_MAX,13.47,-11.9,TWO_WAY_WING,雙向側翼型,FINISHER,VERSATILE_DEFENDER,SF/SG,2,79.3,53.1,QUALITY_STARTER
Cameron Johnson,BKN,29.0,57,31.6,18.8,4.3,3.4,0.9,0.4,0.124,0.6344492440604752,-5.8,18.33,0.63,1.2,5.59,72.5,-2,70.5,22.5,16.0,NEAR_MAX,20.5,-2.0,ROLE_PLAYER,角色球員型,FLOOR_SPACER,LIMITED_DEFENDER,SF/SG,2,58.4,52.8,QUALITY_STARTER
Jaxson Hayes,LAL,25.0,56,19.5,6.8,4.8,1.0,0.6,0.9,0.097,0.7095158597662772,2.5,15.16,2.62,1.28,2.8,52.3,0,52.3,2.46,1.75,MINIMUM_PLUS,9.38,6.92,ROLE_PLAYER,角色球員型,FINISHER,LIMITED_DEFENDER,C/PF,2,42.1,52.3,QUALITY_STARTER
Jaden McDaniels,MIN,24.0,82,31.9,12.2,5.7,2.0,1.3,0.9,0.086,0.5594277329420396,4.0,16.82,2.36,2.9,7.45,56.5,3,59.5,23.02,16.37,NEAR_MAX,13.7,-9.32,STRETCH_BIG,空間型大個子,FINISHER,VERSATILE_DEFENDER,PF/SF,2,77.0,52.3,QUALITY_STARTER
Jalen Green,HOU,23.0,82,32.9,21.0,4.6,3.4,0.9,0.3,0.111,0.5439287194363863,2.8,16.68,1.64,2.49,7.62,64.3,3,67.3,12.48,8.88,MID_LEVEL,18.38,5.9,SCORING_GUARD,得分後衛型,SECONDARY_SCORER,LIMITED_DEFENDER,PG/SG,2,53.1,52.1,QUALITY_STARTER
Norman Powell,LAC,32.0,60,32.6,21.8,3.2,2.1,1.2,0.2,0.11,0.6145692377086153,8.8,17.33,4.67,3.31,5.74,70.4,-2,68.4,19.24,13.69,MID_LEVEL,18.09,-1.15,SCORING_GUARD,得分後衛型,SECONDARY_SCORER,SOLID_DEFENDER,PG/SG,2,58.8,52.0,QUALITY_STARTER
LaMelo Ball,CHA,23.0,47,32.0,25.2,4.9,7.4,1.1,0.3,0.127,0.5371759890859481,-3.9,21.13,1.48,1.33,5.38,71.7,3,74.7,35.15,25.0,MAX,24.7,-10.45,PLAYMAKER,組織者型,PRIMARY_SCORER,LIMITED_DEFENDER,SF/SG,2,53.1,51.9,QUALITY_STARTER
Paul George,PHI,35.0,41,32.5,16.2,5.3,4.3,1.8,0.5,0.106,0.5415886600695373,-3.8,18.77,0.91,0.99,4.24,62.3,-5,57.3,49.21,35.0,SUPERMAX,8.67,-40.54,TWO_WAY_WING,雙向側翼型,SECONDARY_PLAYMAKER,PERIMETER_STOPPER,SF/SG,2,84.9,51.8,QUALITY_STARTER
Deandre Ayton,POR,26.0,40,30.1,14.4,10.2,1.6,0.8,1.0,0.125,0.5825242718446603,-6.9,21.86,0.08,0.64,4.46,68.9,0,68.9,34.01,24.19,MAX,19.34,-14.67,ROLE_PLAYER,角色球員型,FINISHER,REBOUNDER,C/PF,2,62.8,51.8,QUALITY_STARTER
Naz Reid,MIN,25.0,80,27.5,14.2,6.0,2.3,0.7,0.9,0.11,0.5776114546046208,7.4,16.96,3.28,2.95,6.32,67.4,0,67.4,13.99,9.95,MID_LEVEL,18.44,4.45,STRETCH_BIG,空間型大個子,FLOOR_SPACER,LIMITED_DEFENDER,PF/SF,2,53.2,51.4,QUALITY_STARTER
Jaylen Brown,BOS,28.0,63,34.3,22.2,5.8,4.5,1.2,0.3,0.114,0.5565583634175693,9.5,20.97,5.05,3.87,7.68,75.2,0,75.2,49.21,35.0,SUPERMAX,25.2,-24.01,ROLE_PLAYER,角色球員型,SECONDARY_SCORER,LIMITED_DEFENDER,PG/SG,2,53.1,51.2,QUALITY_STARTER
Devin Booker,PHX,28.0,75,37.3,25.6,4.1,7.1,0.9,0.2,0.122,0.5894271504881194,-3.2,22.76,2.11,2.92,10.78,78.8,0,78.8,49.21,35.0,SUPERMAX,28.8,-20.41,VERSATILE_SCORER,多元得分手型,PRIMARY_PLAYMAKER,LIMITED_DEFENDER,PG/SG,2,46.8,51.2,QUALITY_STARTER
Stephen Curry,GSW,37.0,70,32.2,24.5,4.4,6.0,1.1,0.4,0.145,0.6158254574703399,5.7,21.8,5.53,4.31,8.32,87.0,-5,82.0,55.76,39.66,SUPERMAX,22.4,-33.36,VERSATILE_SCORER,多元得分手型,SECONDARY_SCORER,LIMITED_DEFENDER,PG,1,43.4,50.7,QUALITY_STARTER
Julius Randle,MIN,30.0,69,32.3,18.7,7.1,4.7,0.7,0.2,0.124,0.5934247270880934,3.4,21.29,2.84,2.74,8.04,77.8,-2,75.8,33.07,23.52,MAX,25.8,-7.27,STRETCH_BIG,空間型大個子,SECONDARY_SCORER,LIMITED_DEFENDER,PF/SF,2,46.8,50.7,QUALITY_STARTER
Cam Thomas,BKN,23.0,25,31.2,24.0,3.3,3.8,0.6,0.1,0.122,0.5758157389635317,-5.7,16.87,-0.73,0.25,2.23,58.4,3,61.4,4.04,2.87,MINIMUM_PLUS,14.84,10.8,VERSATILE_SCORER,多元得分手型,SECONDARY_SCORER,LIMITED_DEFENDER,PG,1,26.3,50.6,QUALITY_STARTER
Miles Bridges,CHA,27.0,64,31.7,20.3,7.5,3.9,0.7,0.7,0.135,0.5410447761194029,-5.5,19.88,-0.01,1.03,6.83,71.1,0,71.1,27.17,19.33,NEAR_MAX,21.1,-6.07,ROLE_PLAYER,角色球員型,SECONDARY_SCORER,LIMITED_DEFENDER,SF/SG,2,53.2,50.6,QUALITY_STARTER
Coby White,CHI,25.0,74,33.1,20.4,3.7,4.5,0.9,0.2,0.103,0.6034074775201136,-2.5,18.25,1.09,1.92,7.57,67.7,0,67.7,12.0,8.54,MID_LEVEL,18.62,6.62,ROLE_PLAYER,角色球員型,SECONDARY_SCORER,LIMITED_DEFENDER,PG/SG,2,46.8,50.4,QUALITY_STARTER
RJ Barrett,TOR,25.0,58,32.2,21.1,6.3,5.4,0.8,0.3,0.121,0.5473127204814278,-3.4,21.53,0.55,1.21,6.81,70.6,0,70.6,25.79,18.34,NEAR_MAX,20.6,-5.19,SCORING_GUARD,得分後衛型,SECONDARY_SCORER,LIMITED_DEFENDER,PG/SG,2,53.1,50.3,QUALITY_STARTER
Andrew Nembhard,IND,25.0,65,28.9,10.0,3.3,5.0,1.2,0.2,0.081,0.5420641803989592,5.3,15.77,1.14,1.5,5.02,47.1,0,47.1,2.02,1.44,MINIMUM_PLUS,7.28,5.26,ROLE_PLAYER,角色球員型,SECONDARY_PLAYMAKER,LIMITED_DEFENDER,PG/SG,2,46.8,50.3,QUALITY_STARTER
Shaedon Sharpe,POR,22.0,72,31.3,18.5,4.5,2.8,0.9,0.2,0.102,0.5507263634198619,-3.0,16.32,-0.66,0.77,6.23,56.0,5,61.0,6.61,4.7,ROLE_PLAYER,14.6,7.99,ROLE_PLAYER,角色球員型,SECONDARY_SCORER,LIMITED_DEFENDER,PG/SG,2,46.8,50.3,QUALITY_STARTER
Nick Richards,PHX,27.0,57,22.0,9.3,8.2,0.9,0.2,1.0,0.107,0.6342062193126023,-8.7,17.26,-1.67,0.11,3.67,56.3,0,56.3,5.0,3.56,ROLE_PLAYER,11.78,6.78,ROLE_PLAYER,角色球員型,FINISHER,REBOUNDER,C/PF,2,51.1,50.2,QUALITY_STARTER
Jalen Brunson,NYK,28.0,65,35.4,26.0,2.9,7.3,0.9,0.1,0.138,0.6036404160475483,2.6,23.11,3.86,3.43,9.01,83.3,0,83.3,24.96,17.75,NEAR_MAX,33.3,8.34,VERSATILE_SCORER,多元得分手型,PRIMARY_PLAYMAKER,LIMITED_DEFENDER,PG,1,26.3,50.0,QUALITY_STARTER
Zach LaVine,SAC,30.0,74,35.2,23.3,4.3,4.2,0.8,0.2,0.115,0.6395476504172156,-1.4,21.24,2.48,2.96,9.37,78.0,-2,76.0,44.53,31.67,SUPERMAX,26.0,-18.53,SCORING_GUARD,得分後衛型,SECONDARY_SCORER,LIMITED_DEFENDER,PG/SG,2,46.8,49.8,QUALITY_STARTER
Donovan Clingan,POR,21.0,67,19.8,6.5,7.9,1.1,0.5,1.6,0.105,0.5697755960729313,0.2,16.42,0.64,0.89,3.69,52.1,5,57.1,6.59,4.69,ROLE_PLAYER,12.26,5.67,RIM_PROTECTOR,護框中鋒型,FINISHER,RIM_PROTECTOR,C/PF,2,55.5,49.7,QUALITY_STARTER
Jaden Ivey,DET,23.0,30,29.9,17.6,4.1,4.0,0.9,0.4,0.099,0.5671564836298015,-4.1,17.56,-0.28,0.39,2.67,54.7,3,57.7,7.98,5.68,ROLE_PLAYER,12.62,4.64,ROLE_PLAYER,角色球員型,SECONDARY_PLAYMAKER,LIMITED_DEFENDER,PG/SG,2,58.4,49.6,QUALITY_STARTER
Justin Edwards,PHI,21.0,44,26.2,10.1,3.4,1.6,1.0,0.4,0.062,0.5586283185840708,-11.6,12.55,-4.41,-0.71,2.45,23.7,5,28.7,0.43,0.31,MINIMUM,2.87,2.44,THREE_AND_D,3D 球員型,FLOOR_SPACER,LIMITED_DEFENDER,SF/SG,2,50.8,49.4,QUALITY_STARTER
Devin Vassell,SAS,24.0,64,31.0,16.3,4.0,2.9,1.3,0.5,0.092,0.5530673181324647,-6.2,16.15,-0.93,0.54,5.43,51.3,3,54.3,29.35,20.88,NEAR_MAX,10.58,-18.77,TWO_WAY_WING,雙向側翼型,FLOOR_SPACER,VERSATILE_DEFENDER,PG/SG,2,79.8,49.4,QUALITY_STARTER
Jonathan Kuminga,GSW,22.0,47,24.3,15.3,4.6,2.2,0.8,0.4,0.11,0.534965034965035,1.0,15.04,-0.24,0.51,2.91,51.6,5,56.6,7.64,5.43,ROLE_PLAYER,11.96,4.32,ROLE_PLAYER,角色球員型,FINISHER,LIMITED_DEFENDER,SF/SG,2,58.1,48.9,QUALITY_STARTER
Quinten Post,GSW,25.0,42,16.3,8.1,3.5,1.3,0.4,0.4,0.095,0.5987581312832643,2.4,11.19,-0.66,0.23,1.3,34.5,0,34.5,0.44,0.31,MINIMUM,4.12,3.68,STRETCH_BIG,空間型大個子,FLOOR_SPACER,LIMITED_DEFENDER,C/PF,2,41.1,48.9,QUALITY_STARTER
Bennedict Mathurin,IND,23.0,72,29.9,16.1,5.3,1.9,0.7,0.3,0.092,0.5823206018518519,1.6,15.67,0.78,1.52,5.71,55.1,3,58.1,7.25,5.16,ROLE_PLAYER,12.86,5.61,ROLE_PLAYER,角色球員型,FINISHER,LIMITED_DEFENDER,PG/SG,2,53.1,48.8,QUALITY_STARTER
Donovan Mitchell,CLE,28.0,71,31.4,24.0,4.5,5.0,1.3,0.2,0.137,0.5757052389176741,10.5,20.29,5.86,4.45,7.66,80.9,0,80.9,35.41,25.19,MAX,30.9,-4.51,VERSATILE_SCORER,多元得分手型,SECONDARY_SCORER,LIMITED_DEFENDER,PG,1,31.8,48.4,QUALITY_STARTER
Trayce Jackson-Davis,GSW,25.0,62,15.6,6.6,5.0,1.7,0.4,0.6,0.12,0.588865096359743,-3.5,13.68,-2.16,-0.04,2.24,46.1,0,46.1,1.89,1.34,MINIMUM,7.03,5.14,ROLE_PLAYER,角色球員型,FINISHER,LIMITED_DEFENDER,PF/SF,2,41.1,48.3,QUALITY_STARTER
Bilal Coulibaly,WAS,20.0,59,33.0,12.3,5.0,3.4,1.3,0.7,0.07,0.5140421263791374,-13.8,15.98,-3.96,-0.97,5.27,38.8,5,43.8,6.95,4.94,ROLE_PLAYER,6.45,-0.5,ROLE_PLAYER,角色球員型,FINISHER,VERSATILE_DEFENDER,SF/SG,2,83.6,48.2,QUALITY_STARTER
Kelly Oubre Jr.,PHI,29.0,60,34.6,15.1,6.1,1.8,1.5,0.5,0.084,0.548532403371113,-5.7,17.32,-0.6,0.74,6.09,51.6,-2,49.6,7.98,5.68,ROLE_PLAYER,7.9,-0.08,ROLE_PLAYER,角色球員型,FINISHER,PERIMETER_STOPPER,SF/SG,2,74.5,48.2,QUALITY_STARTER
Michael Porter Jr.,DEN,27.0,77,33.7,18.2,7.0,2.1,0.6,0.5,0.101,0.6190476190476191,4.4,19.37,3.21,3.43,8.51,71.5,0,71.5,35.86,25.51,MAX,21.5,-14.36,STRETCH_BIG,空間型大個子,FLOOR_SPACER,LIMITED_DEFENDER,PF/SF,2,48.5,48.2,QUALITY_STARTER
DeMar DeRozan,SAC,35.0,77,35.9,22.2,3.9,4.4,0.8,0.4,0.112,0.5689973344269018,1.5,19.51,2.04,2.84,9.13,70.9,-5,65.9,23.4,16.64,NEAR_MAX,12.28,-11.12,ROLE_PLAYER,角色球員型,SECONDARY_SCORER,LIMITED_DEFENDER,PG/SG,2,57.7,48.2,QUALITY_STARTER
Ja Morant,MEM,25.0,50,30.4,23.2,4.1,7.3,1.2,0.2,0.141,0.5626697710516104,6.8,22.26,4.72,2.6,5.73,80.1,0,80.1,36.73,26.13,MAX,30.1,-6.63,VERSATILE_SCORER,多元得分手型,PRIMARY_PLAYMAKER,LIMITED_DEFENDER,PG,1,31.8,47.7,QUALITY_STARTER
Damian Lillard,MIL,34.0,58,36.1,24.9,4.7,7.1,1.2,0.2,0.144,0.6196496117857853,0.7,23.13,4.35,3.38,8.2,87.4,-5,82.4,48.79,34.7,SUPERMAX,27.54,-21.25,SCORING_GUARD,得分後衛型,PRIMARY_PLAYMAKER,LIMITED_DEFENDER,PG,1,31.8,47.5,QUALITY_STARTER
Robert Williams III,POR,27.0,20,17.6,5.8,5.9,1.1,0.7,1.7,0.137,0.675046554934823,-2.0,16.23,2.03,0.36,0.97,60.5,0,60.5,12.43,8.84,MID_LEVEL,14.3,1.87,STRETCH_BIG,空間型大個子,FINISHER,RIM_PROTECTOR,PF/SF,2,53.7,47.2,QUALITY_STARTER
Aaron Wiggins,OKC,26.0,76,22.9,12.0,3.9,1.8,0.8,0.2,0.105,0.5924170616113744,14.2,13.94,3.84,2.58,4.11,56.9,0,56.9,10.51,7.48,MID_LEVEL,12.14,1.63,THREE_AND_D,3D 球員型,FLOOR_SPACER,SOLID_DEFENDER,PG/SG,2,58.8,47.2,QUALITY_STARTER
Trae Young,ATL,26.0,76,36.0,24.2,3.1,11.6,1.2,0.2,0.129,0.5665855029031653,0.6,24.19,3.96,4.14,11.21,80.1,0,80.1,43.03,30.61,SUPERMAX,30.1,-12.93,FLOOR_GENERAL,地板指揮官型,PRIMARY_PLAYMAKER,LIMITED_DEFENDER,PG,1,31.8,47.1,QUALITY_STARTER
Draymond Green,GSW,35.0,68,29.2,9.0,6.1,5.6,1.5,1.0,0.088,0.5314123760037789,6.6,19.19,3.53,2.79,6.45,59.4,-5,54.4,24.11,17.15,NEAR_MAX,7.45,-16.66,ROLE_PLAYER,角色球員型,SECONDARY_PLAYMAKER,PERIMETER_STOPPER,PG/SG,2,73.8,47.0,QUALITY_STARTER
Bradley Beal,PHX,32.0,53,32.1,17.0,3.3,3.7,1.1,0.5,0.093,0.5967424880651503,-8.0,17.97,-0.73,0.55,5.18,58.1,-2,56.1,50.2,35.71,SUPERMAX,11.08,-39.12,TWO_WAY_WING,雙向側翼型,FLOOR_SPACER,VERSATILE_DEFENDER,PG/SG,2,71.8,46.7,QUALITY_STARTER
Orlando Robinson,TOR,24.0,44,17.5,6.9,5.0,1.8,0.4,0.4,0.088,0.5224106602059359,-4.8,12.01,-4.11,-0.41,1.57,26.3,3,29.3,0.49,0.35,MINIMUM,2.93,2.44,ROLE_PLAYER,角色球員型,FINISHER,LIMITED_DEFENDER,PF/SF,2,41.1,46.2,QUALITY_STARTER
Naji Marshall,DAL,27.0,69,27.8,13.2,4.8,3.0,1.0,0.2,0.105,0.5834512022630833,-3.2,16.79,-0.6,0.68,5.46,59.0,0,59.0,8.57,6.1,ROLE_PLAYER,13.4,4.83,ROLE_PLAYER,角色球員型,FINISHER,LIMITED_DEFENDER,PG/SG,2,46.8,46.0,QUALITY_STARTER
Nic Claxton,BKN,26.0,70,26.9,10.3,7.4,2.2,0.9,1.4,0.115,0.5679311865902074,-12.6,19.09,-2.2,-0.1,6.09,60.7,0,60.7,27.56,19.6,NEAR_MAX,14.42,-13.14,ROLE_PLAYER,角色球員型,FINISHER,LIMITED_DEFENDER,C/PF,2,58.0,45.6,QUALITY_STARTER
Aaron Gordon,DEN,29.0,51,28.4,14.7,4.8,3.2,0.5,0.3,0.104,0.653914590747331,9.5,17.86,4.29,2.31,4.38,69.5,-2,67.5,22.84,16.25,NEAR_MAX,18.5,-4.34,THREE_AND_D,3D 球員型,FLOOR_SPACER,LIMITED_DEFENDER,SF/SG,2,44.2,45.6,QUALITY_STARTER
Brook Lopez,MIL,37.0,80,31.8,13.0,5.0,1.8,0.6,1.9,0.087,0.6221286370597244,2.2,17.69,3.45,3.52,7.62,63.7,-5,58.7,23.0,16.36,NEAR_MAX,9.25,-13.75,STRETCH_BIG,空間型大個子,FLOOR_SPACER,RIM_PROTECTOR,C/PF,2,60.5,44.9,QUALITY_STARTER
Mikal Bridges,NYK,28.0,82,37.0,17.6,3.2,3.7,0.9,0.5,0.09,0.5860415556739479,5.6,17.82,2.91,3.78,9.16,63.3,0,63.3,23.3,16.57,NEAR_MAX,15.98,-7.32,ROLE_PLAYER,角色球員型,FINISHER,LIMITED_DEFENDER,PG/SG,2,49.6,44.8,QUALITY_STARTER
Jonas Valančiūnas,SAC,33.0,81,18.8,10.4,7.7,2.0,0.5,0.6,0.147,0.6060606060606061,-9.6,17.68,-2.31,-0.12,4.56,66.3,-5,61.3,9.9,7.04,ROLE_PLAYER,12.56,2.66,ROLE_PLAYER,角色球員型,FINISHER,LIMITED_DEFENDER,C/PF,2,44.2,44.8,QUALITY_STARTER
Darius Garland,CLE,25.0,75,30.7,20.6,2.9,6.7,1.2,0.1,0.126,0.5989765061642244,9.9,20.7,5.44,4.35,8.07,78.8,0,78.8,36.73,26.13,MAX,28.8,-7.93,SCORING_GUARD,得分後衛型,SECONDARY_SCORER,LIMITED_DEFENDER,PG,1,26.3,44.8,QUALITY_STARTER
Jabari Smith Jr.,HOU,22.0,57,30.1,12.2,7.0,1.1,0.4,0.7,0.093,0.5612808244387191,7.3,14.76,1.77,1.64,4.29,50.5,5,55.5,9.77,6.95,ROLE_PLAYER,11.3,1.53,STRETCH_BIG,空間型大個子,FINISHER,SOLID_DEFENDER,PF/SF,2,53.1,44.5,QUALITY_STARTER
Cason Wallace,OKC,21.0,68,27.6,8.4,3.4,2.5,1.8,0.5,0.075,0.5660377358490566,10.1,14.49,3.57,2.66,4.61,45.4,5,50.4,5.56,3.95,ROLE_PLAYER,8.24,2.68,ROLE_PLAYER,角色球員型,FINISHER,PERIMETER_STOPPER,PG,1,55.7,44.4,QUALITY_STARTER
Jared Butler,PHI,24.0,60,17.4,9.0,1.8,3.7,0.7,0.2,0.102,0.5447941888619855,-6.0,12.22,-3.72,-0.46,2.16,33.7,3,36.7,0.75,0.53,MINIMUM,4.68,3.93,ROLE_PLAYER,角色球員型,FINISHER,LIMITED_DEFENDER,PG,1,25.2,44.3,QUALITY_STARTER
Keyonte George,UTA,21.0,67,31.5,16.8,3.8,5.6,0.7,0.1,0.093,0.538737814263725,-11.9,15.7,-3.72,-0.92,5.61,47.1,5,52.1,4.08,2.9,MINIMUM_PLUS,9.26,5.18,PLAYMAKER,組織者型,SECONDARY_PLAYMAKER,LIMITED_DEFENDER,PG/SG,2,41.3,44.1,QUALITY_STARTER
Tyus Jones,PHX,29.0,81,26.8,10.2,2.4,5.3,0.9,0.1,0.099,0.5856683509416628,-2.5,15.0,-1.0,0.55,5.52,50.4,-2,48.4,2.09,1.49,MINIMUM_PLUS,7.6,5.51,THREE_AND_D,3D 球員型,SECONDARY_PLAYMAKER,LIMITED_DEFENDER,PG,1,26.3,43.8,QUALITY_STARTER
Wendell Carter Jr.,ORL,26.0,68,25.9,9.1,7.2,2.0,0.8,0.6,0.099,0.5453020134228187,0.0,15.7,-0.49,0.68,4.68,50.3,0,50.3,11.95,8.5,MID_LEVEL,8.18,-3.77,ROLE_PLAYER,角色球員型,FINISHER,SOLID_DEFENDER,PF/SF,2,65.6,43.8,QUALITY_STARTER
Jrue Holiday,BOS,35.0,62,30.6,11.1,4.3,3.9,1.1,0.4,0.088,0.5705180921052632,8.9,15.82,3.03,2.42,5.08,56.2,-5,51.2,30.0,21.34,MAX,6.1,-23.9,ROLE_PLAYER,角色球員型,FINISHER,SOLID_DEFENDER,PG/SG,2,70.4,43.6,QUALITY_STARTER
Donte DiVincenzo,MIN,28.0,62,25.9,11.7,3.7,3.6,1.2,0.3,0.1,0.5826693227091634,5.1,14.84,2.03,1.64,4.04,55.0,0,55.0,11.44,8.14,MID_LEVEL,11.0,-0.44,THREE_AND_D,3D 球員型,FLOOR_SPACER,LIMITED_DEFENDER,PG/SG,2,53.1,43.2,QUALITY_STARTER
Jordan Poole,WAS,26.0,68,29.4,20.5,3.0,4.5,1.3,0.4,0.107,0.5938586326767091,-13.1,17.73,-1.5,0.25,6.0,62.7,0,62.7,29.65,21.09,NEAR_MAX,15.62,-14.03,SCORING_GUARD,得分後衛型,SECONDARY_SCORER,LIMITED_DEFENDER,PG/SG,2,48.0,43.1,QUALITY_STARTER
Jordan Goodwin,LAL,26.0,29,18.7,5.6,3.9,1.4,1.0,0.4,0.08,0.5409582689335394,-1.2,11.28,-2.27,-0.04,1.04,22.1,0,22.1,0.22,0.16,MINIMUM,2.21,1.99,THREE_AND_D,3D 球員型,FLOOR_SPACER,LIMITED_DEFENDER,PG/SG,2,41.2,42.6,QUALITY_STARTER
Malik Monk,SAC,27.0,65,31.6,17.2,3.8,5.6,0.9,0.6,0.099,0.5517064408519373,2.5,18.37,1.97,2.07,6.39,62.6,0,62.6,17.41,12.38,MID_LEVEL,15.56,-1.85,PLAYMAKER,組織者型,SECONDARY_PLAYMAKER,LIMITED_DEFENDER,PG,1,41.4,42.5,QUALITY_STARTER
Bismack Biyombo,SAS,32.0,28,18.8,5.1,5.6,1.1,0.6,0.8,0.08,0.5671708185053381,-9.2,13.38,-3.96,-0.26,1.19,26.9,-2,24.9,0.5,0.36,MINIMUM,2.37,1.87,ROLE_PLAYER,角色球員型,FINISHER,LIMITED_DEFENDER,SF/SG,2,40.7,42.5,QUALITY_STARTER
Vít Krejčí,ATL,25.0,57,20.2,7.2,2.7,2.6,0.6,0.5,0.086,0.6603081438004402,-1.9,12.94,-0.24,0.51,2.52,41.4,0,41.4,2.16,1.54,MINIMUM_PLUS,5.85,3.69,THREE_AND_D,3D 球員型,FLOOR_SPACER,LIMITED_DEFENDER,SF/SG,2,44.9,42.2,QUALITY_STARTER
Alex Caruso,OKC,31.0,54,19.3,7.1,2.9,2.5,1.6,0.6,0.101,0.5729502905100065,15.0,13.31,4.73,1.78,2.35,48.3,-2,46.3,9.89,7.03,ROLE_PLAYER,6.72,-3.17,ROLE_PLAYER,角色球員型,FINISHER,PERIMETER_STOPPER,PG/SG,2,66.9,42.2,QUALITY_STARTER
Fred VanVleet,HOU,31.0,60,35.2,14.1,3.7,5.6,1.6,0.4,0.093,0.5141481913652275,6.2,16.25,2.6,2.47,5.81,55.9,-2,53.9,42.85,30.48,SUPERMAX,9.82,-33.03,TWO_WAY_WING,雙向側翼型,SECONDARY_PLAYMAKER,PERIMETER_STOPPER,PG,1,61.3,41.8,QUALITY_STARTER
Obi Toppin,IND,27.0,79,19.6,10.5,4.0,1.6,0.6,0.4,0.115,0.6389970788704966,-2.6,14.21,-0.53,0.58,3.73,55.7,0,55.7,12.95,9.21,MID_LEVEL,11.42,-1.53,STRETCH_BIG,空間型大個子,FLOOR_SPACER,LIMITED_DEFENDER,PF/SF,2,48.5,41.5,QUALITY_STARTER
Alex Sarr,WAS,20.0,67,27.1,13.0,6.5,2.4,0.7,1.5,0.084,0.4814814814814814,-13.7,15.67,-4.13,-0.98,4.82,41.0,5,46.0,11.25,8.0,MID_LEVEL,7.0,-4.25,ROLE_PLAYER,角色球員型,FINISHER,RIM_PROTECTOR,C/PF,2,65.2,41.2,QUALITY_STARTER
Lonnie Walker IV,PHI,26.0,20,23.8,12.4,3.2,2.5,0.5,0.3,0.091,0.5506216696269982,-14.1,12.3,-5.69,-0.45,0.99,29.4,0,29.4,0.78,0.55,MINIMUM,2.94,2.16,ROLE_PLAYER,角色球員型,FINISHER,LIMITED_DEFENDER,PG/SG,2,44.2,41.1,QUALITY_STARTER
Brandon Clarke,MEM,28.0,64,18.9,8.3,5.1,1.0,0.8,0.6,0.108,0.6368937998772254,8.2,14.97,3.01,1.54,3.07,57.3,0,57.3,12.5,8.89,MID_LEVEL,12.38,-0.12,ROLE_PLAYER,角色球員型,FINISHER,LIMITED_DEFENDER,SF/SG,2,42.1,40.6,QUALITY_STARTER
De'Andre Hunter,CLE,27.0,64,27.2,17.0,4.0,1.4,0.8,0.2,0.101,0.6222547584187409,2.0,14.96,1.45,1.53,4.41,57.8,0,57.8,21.7,15.44,NEAR_MAX,12.68,-9.02,ROLE_PLAYER,角色球員型,FLOOR_SPACER,LIMITED_DEFENDER,SF/SG,2,46.8,40.4,QUALITY_STARTER
Jaylen Wells,MEM,21.0,79,25.9,10.4,3.4,1.7,0.6,0.1,0.065,0.5562687205819428,4.7,11.25,-0.55,0.75,3.9,28.7,5,33.7,1.16,0.83,MINIMUM,3.93,2.77,ROLE_PLAYER,角色球員型,FINISHER,LIMITED_DEFENDER,SF/SG,2,41.3,40.4,QUALITY_STARTER
Clint Capela,ATL,31.0,55,21.4,8.9,8.5,1.1,0.6,1.0,0.117,0.56386213887481,-2.7,17.31,-0.62,0.41,3.45,55.2,-2,53.2,22.27,15.84,NEAR_MAX,9.42,-12.85,ROLE_PLAYER,角色球員型,FINISHER,REBOUNDER,PF/SF,2,55.5,40.4,QUALITY_STARTER
Trendon Watford,BKN,24.0,44,20.7,10.2,3.6,2.6,0.6,0.3,0.101,0.5524263431542461,-4.4,13.25,-2.82,-0.19,2.04,38.2,3,41.2,2.73,1.94,MINIMUM_PLUS,5.8,3.07,ROLE_PLAYER,角色球員型,FINISHER,LIMITED_DEFENDER,SF/SG,2,48.5,40.4,QUALITY_STARTER
Luguentz Dort,OKC,26.0,71,29.2,10.1,4.1,1.6,1.1,0.5,0.063,0.5828716528162512,13.1,13.2,3.92,3.12,4.64,42.3,0,42.3,16.5,11.74,MID_LEVEL,6.07,-10.43,THREE_AND_D,3D 球員型,FLOOR_SPACER,VERSATILE_DEFENDER,PG/SG,2,71.8,40.4,QUALITY_STARTER
Anthony Black,ORL,21.0,78,24.2,9.4,2.9,3.1,1.1,0.6,0.084,0.5222222222222223,-0.9,13.1,-1.31,0.33,4.19,36.1,5,41.1,7.61,5.41,ROLE_PLAYER,5.78,-1.83,ROLE_PLAYER,角色球員型,FINISHER,VERSATILE_DEFENDER,SF/SG,2,67.8,40.3,QUALITY_STARTER
Stephon Castle,SAS,20.0,81,26.7,14.7,3.7,4.1,0.9,0.3,0.087,0.5232061503416856,-4.7,15.33,-1.98,0.01,5.62,44.9,5,49.9,9.13,6.49,ROLE_PLAYER,7.97,-1.16,ROLE_PLAYER,角色球員型,SECONDARY_PLAYMAKER,LIMITED_DEFENDER,PG/SG,2,53.1,40.1,QUALITY_STARTER
Ayo Dosunmu,CHI,25.0,46,30.3,12.3,3.5,4.5,0.9,0.4,0.084,0.5830489192263937,-7.7,16.81,-1.83,0.06,3.97,47.7,0,47.7,7.0,4.98,ROLE_PLAYER,7.43,0.43,ROLE_PLAYER,角色球員型,SECONDARY_PLAYMAKER,LIMITED_DEFENDER,PG/SG,2,53.3,40.0,QUALITY_STARTER
Rui Hachimura,LAL,27.0,59,31.7,13.1,5.0,1.4,0.8,0.4,0.086,0.6158330199323053,3.9,15.56,1.8,1.81,4.93,54.9,0,54.9,17.0,12.09,MID_LEVEL,10.94,-6.06,THREE_AND_D,3D 球員型,FLOOR_SPACER,LIMITED_DEFENDER,SF/SG,2,47.6,39.6,ROTATION
Mason Plumlee,PHX,35.0,74,17.6,4.5,6.1,1.8,0.4,0.6,0.098,0.6525522041763341,0.2,14.37,0.16,0.71,3.17,49.3,-5,44.3,2.09,1.49,MINIMUM_PLUS,4.6,2.51,ROLE_PLAYER,角色球員型,FINISHER,LIMITED_DEFENDER,PF/SF,2,40.2,39.4,ROTATION
Keegan Murray,SAC,24.0,76,34.3,12.4,6.7,1.4,0.8,0.9,0.075,0.5537692032868882,1.5,15.74,0.83,1.87,6.95,48.1,3,51.1,8.81,6.27,ROLE_PLAYER,8.66,-0.15,ROLE_PLAYER,角色球員型,FINISHER,LIMITED_DEFENDER,SF/SG,2,47.6,39.3,ROTATION
Herbert Jones,NOP,26.0,20,32.4,10.3,3.9,3.3,1.9,0.5,0.062,0.5432489451476793,-0.7,15.6,0.6,0.43,1.71,35.6,0,35.6,12.98,9.23,MID_LEVEL,4.4,-8.58,ROLE_PLAYER,角色球員型,FINISHER,PERIMETER_STOPPER,SF/SG,2,78.7,39.3,ROTATION
Tyrese Martin,BKN,26.0,60,21.9,8.7,3.7,2.0,0.6,0.2,0.084,0.5279126213592232,-10.2,11.05,-5.56,-1.19,2.46,23.6,0,23.6,0.64,0.46,MINIMUM,2.36,1.72,ROLE_PLAYER,角色球員型,FINISHER,LIMITED_DEFENDER,PG/SG,2,46.8,38.7,ROTATION
Richaun Holmes,WAS,31.0,31,17.2,7.4,5.7,1.4,0.3,0.7,0.135,0.6934032983508246,-4.3,15.43,-0.12,0.25,1.39,57.9,-2,55.9,12.65,9.0,MID_LEVEL,10.96,-1.69,ROLE_PLAYER,角色球員型,FINISHER,LIMITED_DEFENDER,PF/SF,2,39.6,38.4,ROTATION
Jake LaRavia,SAC,23.0,66,20.4,6.9,3.9,2.4,0.9,0.3,0.081,0.5899452804377565,3.8,13.05,0.35,0.8,2.98,39.2,3,42.2,3.35,2.38,MINIMUM_PLUS,6.05,2.7,THREE_AND_D,3D 球員型,FLOOR_SPACER,LIMITED_DEFENDER,SF/SG,2,45.3,38.1,ROTATION
Caris LeVert,ATL,30.0,64,24.9,12.1,3.2,3.4,0.9,0.5,0.094,0.5786151491966335,7.2,15.08,2.34,1.76,4.07,53.6,-2,51.6,16.62,11.82,MID_LEVEL,8.96,-7.66,THREE_AND_D,3D 球員型,FLOOR_SPACER,LIMITED_DEFENDER,PG/SG,2,49.6,38.0,ROTATION
Jusuf Nurkić,CHA,30.0,51,20.8,8.9,7.8,2.3,0.8,0.7,0.116,0.55625,-9.0,16.85,-2.65,-0.18,3.03,52.3,-2,50.3,18.12,12.89,MID_LEVEL,8.18,-9.94,ROLE_PLAYER,角色球員型,FINISHER,LIMITED_DEFENDER,C/PF,2,52.2,37.8,ROTATION
Aaron Nesmith,IND,25.0,45,24.9,12.0,4.0,1.2,0.8,0.4,0.087,0.6527415143603134,8.5,14.4,3.5,1.57,2.73,51.6,0,51.6,11.0,7.82,MID_LEVEL,8.96,-2.04,THREE_AND_D,3D 球員型,FLOOR_SPACER,LIMITED_DEFENDER,PG/SG,2,44.7,37.7,ROTATION
Brice Sensabaugh,UTA,21.0,71,20.2,10.9,3.0,1.5,0.6,0.1,0.087,0.6165158371040724,-9.6,11.87,-3.69,-0.62,2.88,35.3,5,40.3,2.57,1.83,MINIMUM_PLUS,5.57,3.0,THREE_AND_D,3D 球員型,FLOOR_SPACER,LIMITED_DEFENDER,PG/SG,2,41.3,37.6,ROTATION
Chris Paul,SAS,40.0,82,28.0,8.8,3.6,7.4,1.3,0.3,0.102,0.580168776371308,-0.8,18.13,0.85,1.66,7.05,61.3,-5,56.3,10.46,7.44,MID_LEVEL,8.25,-2.21,THREE_AND_D,3D 球員型,PRIMARY_PLAYMAKER,LIMITED_DEFENDER,PG,1,36.7,37.1,ROTATION
Nickeil Alexander-Walker,MIN,26.0,82,25.3,9.4,3.2,2.7,0.6,0.4,0.081,0.5791030064070971,6.6,12.64,0.99,1.58,4.44,41.9,0,41.9,4.31,3.07,MINIMUM_PLUS,5.97,1.66,THREE_AND_D,3D 球員型,FLOOR_SPACER,LIMITED_DEFENDER,PG/SG,2,48.5,37.0,ROTATION
Lauri Markkanen,UTA,28.0,47,31.4,19.0,5.9,1.5,0.7,0.4,0.103,0.571738083774675,-6.1,15.46,-1.14,0.32,3.86,52.7,0,52.7,42.18,30.0,SUPERMAX,9.62,-32.56,STRETCH_BIG,空間型大個子,SECONDARY_SCORER,LIMITED_DEFENDER,C/PF,2,49.2,36.9,ROTATION
Peyton Watson,DEN,22.0,68,24.3,8.1,3.4,1.4,0.7,1.4,0.066,0.564066852367688,0.0,13.06,-0.12,0.79,3.66,31.8,5,36.8,2.41,1.71,MINIMUM_PLUS,4.7,2.29,ROLE_PLAYER,角色球員型,FINISHER,LIMITED_DEFENDER,SF/SG,2,47.6,36.9,ROTATION
Sam Hauser,BOS,27.0,71,21.7,8.5,3.2,0.9,0.6,0.2,0.083,0.6261048909840895,10.0,10.87,2.06,1.59,2.84,37.3,0,37.3,2.09,1.49,MINIMUM_PLUS,4.82,2.73,THREE_AND_D,3D 球員型,FLOOR_SPACER,LIMITED_DEFENDER,SF/SG,2,40.9,36.6,ROTATION
Oso Ighodaro,PHX,22.0,61,17.1,4.2,3.6,1.2,0.5,0.5,0.073,0.6083429895712631,-0.6,11.3,-1.66,0.09,2.0,26.6,5,31.6,1.16,0.83,MINIMUM,3.4,2.24,ROLE_PLAYER,角色球員型,FINISHER,LIMITED_DEFENDER,C/PF,2,39.8,36.4,ROTATION
Ochai Agbaji,TOR,25.0,64,27.2,10.4,3.8,1.5,0.9,0.5,0.081,0.6010171058714747,-5.7,13.79,-1.69,0.14,4.07,40.9,0,40.9,4.31,3.07,MINIMUM_PLUS,5.72,1.41,THREE_AND_D,3D 球員型,FLOOR_SPACER,LIMITED_DEFENDER,PG/SG,2,49.2,36.4,ROTATION
Kyshawn George,WAS,21.0,68,26.5,8.7,4.2,2.5,1.0,0.7,0.058,0.5048746518105849,-10.1,12.34,-4.41,-1.1,3.77,22.8,5,27.8,2.83,2.01,MINIMUM_PLUS,2.78,-0.05,ROLE_PLAYER,角色球員型,FINISHER,VERSATILE_DEFENDER,SF/SG,2,72.0,36.2,ROTATION
Jared McCain,PHI,21.0,23,25.7,15.3,2.4,2.6,0.7,0.0,0.106,0.5904600185242359,-2.1,13.54,-1.15,0.13,1.36,45.5,5,50.5,4.03,2.87,MINIMUM_PLUS,8.3,4.27,ROLE_PLAYER,角色球員型,FLOOR_SPACER,LIMITED_DEFENDER,PG,1,24.3,36.1,ROTATION
Mouhamed Gueye,ATL,22.0,33,16.1,6.0,4.2,0.8,0.8,1.0,0.085,0.5197505197505198,8.8,11.22,0.88,0.39,1.01,27.5,5,32.5,1.89,1.34,MINIMUM,3.62,1.73,ROLE_PLAYER,角色球員型,FINISHER,SOLID_DEFENDER,PF/SF,2,52.0,36.1,ROTATION
Jaime Jaquez Jr.,MIA,24.0,66,20.7,8.6,4.4,2.5,0.9,0.2,0.098,0.5396586345381525,-6.0,13.4,-3.36,-0.47,3.1,37.2,3,40.2,3.69,2.62,MINIMUM_PLUS,5.55,1.86,ROLE_PLAYER,角色球員型,FINISHER,LIMITED_DEFENDER,PG/SG,2,46.8,36.1,ROTATION
Andre Drummond,PHI,31.0,40,18.8,7.3,7.8,0.9,1.0,0.5,0.109,0.5280671296296295,-15.5,15.03,-5.76,-0.72,1.91,38.0,-2,36.0,5.0,3.56,ROLE_PLAYER,4.27,-0.73,ROLE_PLAYER,角色球員型,FINISHER,VERSATILE_DEFENDER,C/PF,2,61.9,36.1,ROTATION
Khris Middleton,WAS,33.0,37,22.8,11.9,3.7,4.1,0.9,0.2,0.114,0.5884098101265823,1.5,15.93,0.62,0.56,2.28,57.2,-5,52.2,31.67,22.53,MAX,7.92,-23.75,THREE_AND_D,3D 球員型,SECONDARY_PLAYMAKER,LIMITED_DEFENDER,SF/SG,2,46.8,35.9,ROTATION
Isaiah Stewart,DET,24.0,72,19.9,6.0,5.5,1.7,0.4,1.4,0.096,0.6087662337662336,0.5,14.91,0.65,0.96,3.62,49.3,3,52.3,15.0,10.67,MID_LEVEL,9.38,-5.62,ROLE_PLAYER,角色球員型,FINISHER,LIMITED_DEFENDER,SF/SG,2,41.1,35.8,ROTATION
Taurean Prince,MIL,31.0,80,27.1,8.2,3.6,1.9,1.0,0.2,0.064,0.6152460984393756,-0.4,12.64,-0.39,0.89,4.64,36.6,-2,34.6,2.09,1.49,MINIMUM_PLUS,3.94,1.85,THREE_AND_D,3D 球員型,FLOOR_SPACER,LIMITED_DEFENDER,PG/SG,2,46.8,35.2,ROTATION
Julian Champagnie,SAS,24.0,82,23.6,9.9,3.9,1.4,0.7,0.4,0.079,0.5766542404473439,-2.1,11.73,-1.63,0.18,3.84,33.8,3,36.8,3.0,2.13,MINIMUM_PLUS,4.7,1.7,THREE_AND_D,3D 球員型,FLOOR_SPACER,LIMITED_DEFENDER,SF/SG,2,47.6,35.0,ROTATION
Bub Carrington,WAS,19.0,82,30.0,9.8,4.2,4.4,0.7,0.3,0.071,0.5136268343815514,-15.2,14.11,-6.18,-2.61,5.88,32.5,5,37.5,4.45,3.17,MINIMUM_PLUS,4.88,0.43,ROLE_PLAYER,角色球員型,SECONDARY_PLAYMAKER,LIMITED_DEFENDER,PG/SG,2,53.1,34.9,ROTATION
Keldon Johnson,SAS,25.0,77,23.9,12.7,4.8,1.6,0.6,0.3,0.103,0.5720720720720721,-5.8,14.31,-2.48,-0.22,4.46,47.7,0,47.7,19.0,13.51,MID_LEVEL,7.43,-11.57,ROLE_PLAYER,角色球員型,FINISHER,LIMITED_DEFENDER,PG/SG,2,48.5,34.9,ROTATION
Al Horford,BOS,39.0,60,27.6,9.0,6.2,2.1,0.6,0.9,0.091,0.5650426921145153,11.5,14.67,3.32,2.24,4.11,51.1,-5,46.1,9.5,6.76,ROLE_PLAYER,4.92,-4.58,STRETCH_BIG,空間型大個子,FLOOR_SPACER,LIMITED_DEFENDER,PF/SF,2,48.5,34.7,ROTATION
Immanuel Quickley,TOR,26.0,33,27.8,17.1,3.5,5.8,0.7,0.1,0.128,0.5693926478423016,-1.6,16.91,0.02,0.47,2.63,61.2,0,61.2,32.5,23.12,MAX,14.72,-17.78,PLAYMAKER,組織者型,SECONDARY_PLAYMAKER,LIMITED_DEFENDER,PG,1,26.3,34.1,ROTATION
Jalen Smith,CHI,25.0,64,15.0,8.2,5.6,1.0,0.3,0.7,0.133,0.5843785632839225,-1.2,12.98,-1.37,0.15,2.11,47.6,0,47.6,8.57,6.1,ROLE_PLAYER,7.4,-1.17,ROLE_PLAYER,角色球員型,FINISHER,LIMITED_DEFENDER,PF/SF,2,39.6,34.1,ROTATION
Kelly Olynyk,NOP,34.0,44,20.2,8.7,4.7,2.9,0.8,0.4,0.098,0.6041666666666666,-2.7,15.12,-0.76,0.28,2.28,48.2,-5,43.2,12.8,9.1,MID_LEVEL,5.36,-7.44,STRETCH_BIG,空間型大個子,FLOOR_SPACER,LIMITED_DEFENDER,C/PF,2,51.0,33.7,ROTATION
Royce O'Neale,PHX,32.0,75,24.5,9.1,4.7,2.2,0.9,0.4,0.085,0.5884635281945163,-4.2,13.48,-1.49,0.24,4.2,42.3,-2,40.3,9.82,6.98,ROLE_PLAYER,5.3,-4.52,THREE_AND_D,3D 球員型,FLOOR_SPACER,LIMITED_DEFENDER,PG/SG,2,53.6,33.7,ROTATION
Luke Kennard,MEM,29.0,65,22.6,8.9,2.8,3.3,0.8,0.1,0.093,0.6360777587192682,3.1,13.61,0.92,1.09,3.39,48.5,-2,46.5,9.25,6.58,ROLE_PLAYER,7.12,-2.13,THREE_AND_D,3D 球員型,FLOOR_SPACER,LIMITED_DEFENDER,PG/SG,2,41.3,33.6,ROTATION
Collin Sexton,UTA,26.0,63,27.9,18.4,2.7,4.2,0.7,0.1,0.106,0.5912596401028277,-7.5,16.91,-1.67,0.15,5.03,57.7,0,57.7,18.35,13.05,MID_LEVEL,12.62,-5.73,SCORING_GUARD,得分後衛型,SECONDARY_SCORER,LIMITED_DEFENDER,PG,1,26.3,33.6,ROTATION
Larry Nance Jr.,ATL,32.0,24,19.3,8.5,4.3,1.6,0.8,0.5,0.106,0.6324404761904762,-9.0,13.94,-2.37,-0.04,1.09,44.5,-2,42.5,11.2,7.97,MID_LEVEL,5.82,-5.38,THREE_AND_D,3D 球員型,FLOOR_SPACER,LIMITED_DEFENDER,SF/SG,2,49.9,33.4,ROTATION
Isaiah Collier,UTA,20.0,71,25.9,8.7,3.3,6.3,0.9,0.2,0.077,0.4961222627737225,-10.4,15.47,-4.81,-1.31,4.82,34.3,5,39.3,2.52,1.79,MINIMUM_PLUS,5.32,2.8,ROLE_PLAYER,角色球員型,SECONDARY_PLAYMAKER,LIMITED_DEFENDER,PG,1,31.8,33.4,ROTATION
Kevon Looney,GSW,29.0,76,15.0,4.5,6.1,1.6,0.6,0.5,0.114,0.5266853932584269,5.6,12.98,-0.64,0.39,2.51,41.3,-2,39.3,8.0,5.69,ROLE_PLAYER,5.32,-2.68,STRETCH_BIG,空間型大個子,FLOOR_SPACER,SOLID_DEFENDER,PF/SF,2,52.2,33.3,ROTATION
Chris Boucher,TOR,32.0,50,17.2,10.0,4.5,0.7,0.5,0.5,0.126,0.6136475208640157,-0.2,12.89,-0.51,0.33,1.88,50.1,-2,48.1,10.81,7.69,MID_LEVEL,7.15,-3.66,STRETCH_BIG,空間型大個子,FLOOR_SPACER,LIMITED_DEFENDER,PF/SF,2,39.5,33.2,ROTATION
Harrison Barnes,SAS,33.0,82,27.2,12.3,3.8,1.7,0.5,0.2,0.092,0.6573321932449764,-1.2,14.22,0.07,1.17,5.37,52.4,-5,47.4,18.0,12.8,MID_LEVEL,6.25,-11.75,THREE_AND_D,3D 球員型,FLOOR_SPACER,LIMITED_DEFENDER,SF/SG,2,44.2,33.0,ROTATION
Lonzo Ball,CHI,27.0,35,22.2,7.6,3.4,3.3,1.3,0.5,0.078,0.5239933811362382,5.5,12.53,0.67,0.53,1.65,31.9,0,31.9,21.4,15.22,NEAR_MAX,3.47,-17.93,ROLE_PLAYER,角色球員型,FINISHER,VERSATILE_DEFENDER,PG/SG,2,68.8,32.9,ROTATION
Cam Whitmore,HOU,20.0,51,16.2,9.4,3.0,1.0,0.6,0.3,0.108,0.5519023015500235,1.1,10.57,-1.82,0.04,1.48,32.6,5,37.6,3.38,2.4,MINIMUM_PLUS,4.9,1.52,ROLE_PLAYER,角色球員型,FINISHER,LIMITED_DEFENDER,SF/SG,2,42.1,32.8,ROTATION
Keon Johnson,BKN,23.0,79,24.4,10.6,3.8,2.2,1.0,0.4,0.07,0.4956977179199401,-10.3,11.87,-4.98,-1.46,3.88,25.5,3,28.5,2.16,1.54,MINIMUM_PLUS,2.85,0.69,ROLE_PLAYER,角色球員型,FINISHER,LIMITED_DEFENDER,PG/SG,2,56.4,32.6,ROTATION
CJ McCollum,NOP,33.0,56,32.7,21.1,3.8,4.1,0.8,0.4,0.097,0.5476536544850499,-7.1,17.57,-1.23,0.36,5.45,55.1,-5,50.1,33.33,23.71,MAX,6.85,-26.48,SCORING_GUARD,得分後衛型,SECONDARY_SCORER,LIMITED_DEFENDER,PG,1,41.4,32.6,ROTATION
Ajay Mitchell,OKC,23.0,36,16.6,6.5,1.9,1.8,0.7,0.1,0.082,0.5866425992779783,9.7,10.37,0.85,0.43,1.05,28.7,3,31.7,3.0,2.13,MINIMUM_PLUS,3.42,0.42,THREE_AND_D,3D 球員型,FLOOR_SPACER,SOLID_DEFENDER,PG/SG,2,52.5,32.0,ROTATION
Max Strus,CLE,29.0,50,25.5,9.4,4.3,3.2,0.5,0.2,0.083,0.6019467213114754,7.9,13.83,1.73,1.21,2.99,46.1,-2,44.1,15.21,10.82,MID_LEVEL,6.53,-8.68,THREE_AND_D,3D 球員型,FLOOR_SPACER,LIMITED_DEFENDER,PG/SG,2,44.2,31.7,ROTATION
Anfernee Simons,POR,26.0,70,32.7,19.3,2.7,4.8,0.9,0.1,0.106,0.5567735979690746,-4.6,16.13,-0.91,0.63,6.25,56.4,0,56.4,25.89,18.42,NEAR_MAX,11.84,-14.05,ROLE_PLAYER,角色球員型,SECONDARY_SCORER,LIMITED_DEFENDER,PG,1,26.3,31.7,ROTATION
Scoot Henderson,POR,21.0,66,26.7,12.7,3.0,5.1,1.0,0.2,0.084,0.5397823869432166,-1.3,15.23,-0.81,0.53,4.55,44.1,5,49.1,10.26,7.3,MID_LEVEL,7.78,-2.48,PLAYMAKER,組織者型,SECONDARY_PLAYMAKER,LIMITED_DEFENDER,PG,1,31.8,31.5,ROTATION
Kenrich Williams,OKC,30.0,69,16.4,6.3,3.5,1.4,0.6,0.1,0.093,0.587248322147651,14.5,10.95,2.34,1.25,2.1,36.9,-2,34.9,6.67,4.74,ROLE_PLAYER,4.22,-2.45,THREE_AND_D,3D 球員型,FLOOR_SPACER,SOLID_DEFENDER,PG/SG,2,53.3,31.3,ROTATION
Max Christie,DAL,22.0,78,27.3,9.6,3.3,1.9,0.8,0.4,0.069,0.5689900426742532,-1.7,11.98,-1.56,0.24,4.32,31.5,5,36.5,7.14,5.08,ROLE_PLAYER,4.62,-2.52,THREE_AND_D,3D 球員型,FLOOR_SPACER,LIMITED_DEFENDER,PG/SG,2,50.8,31.3,ROTATION
Zach Collins,CHI,27.0,64,15.3,6.4,4.5,1.7,0.5,0.5,0.106,0.6120887528691661,-0.4,12.85,-0.89,0.28,2.13,44.0,0,44.0,16.74,11.91,MID_LEVEL,6.5,-10.24,ROLE_PLAYER,角色球員型,FINISHER,LIMITED_DEFENDER,C/PF,2,43.6,31.2,ROTATION
Derrick Jones Jr.,LAC,28.0,77,24.3,10.1,3.4,0.8,1.0,0.4,0.076,0.6113801452784503,6.7,13.1,1.93,1.87,4.15,42.7,0,42.7,9.52,6.77,ROLE_PLAYER,6.18,-3.34,ROLE_PLAYER,角色球員型,FINISHER,LIMITED_DEFENDER,PG/SG,2,40.0,30.6,ROTATION
Gradey Dick,TOR,21.0,54,29.4,14.4,3.6,1.8,0.9,0.2,0.071,0.5423320277191925,-5.8,12.4,-2.71,-0.29,3.33,30.3,5,35.3,4.76,3.39,MINIMUM_PLUS,4.32,-0.44,ROLE_PLAYER,角色球員型,FINISHER,LIMITED_DEFENDER,PG/SG,2,46.8,30.6,ROTATION
Josh Okogie,CHA,26.0,40,15.6,7.1,2.8,0.8,1.2,0.5,0.1,0.5703727506426735,-0.5,10.82,-1.17,0.13,1.14,30.4,0,30.4,8.25,5.87,ROLE_PLAYER,3.1,-5.15,ROLE_PLAYER,角色球員型,FINISHER,VERSATILE_DEFENDER,PG/SG,2,61.0,30.5,ROTATION
Grayson Allen,PHX,29.0,64,24.1,10.6,3.0,2.1,0.8,0.3,0.084,0.6315538608198284,-3.3,12.83,-0.79,0.47,3.35,41.9,-2,39.9,15.62,11.11,MID_LEVEL,5.47,-10.15,THREE_AND_D,3D 球員型,FLOOR_SPACER,LIMITED_DEFENDER,PG/SG,2,48.0,30.5,ROTATION
Jose Alvarado,NOP,27.0,56,24.4,10.3,2.4,4.6,1.3,0.3,0.09,0.521677471636953,-8.7,13.61,-3.4,-0.49,3.15,35.4,0,35.4,1.99,1.42,MINIMUM,4.35,2.36,ROLE_PLAYER,角色球員型,SECONDARY_PLAYMAKER,LIMITED_DEFENDER,PG,1,27.9,30.4,ROTATION
Tre Jones,CHI,25.0,46,19.7,7.2,2.5,4.2,0.8,0.2,0.11,0.6143344709897611,-1.5,14.3,-0.83,0.27,2.19,48.1,0,48.1,9.1,6.47,ROLE_PLAYER,7.53,-1.57,THREE_AND_D,3D 球員型,SECONDARY_PLAYMAKER,LIMITED_DEFENDER,PG,1,28.7,30.2,ROTATION
Jonathan Mogbo,TOR,23.0,63,20.4,6.2,4.9,2.3,0.9,0.5,0.083,0.4942602040816326,-8.2,12.8,-4.79,-0.91,2.79,26.9,3,29.9,1.86,1.32,MINIMUM,2.99,1.13,ROLE_PLAYER,角色球員型,FINISHER,LIMITED_DEFENDER,PF/SF,2,43.0,30.0,ROTATION
AJ Green,MIL,25.0,73,22.7,7.4,2.4,1.5,0.5,0.1,0.058,0.6191432396251674,6.4,9.95,0.37,1.0,2.79,25.9,0,25.9,2.12,1.51,MINIMUM_PLUS,2.59,0.47,THREE_AND_D,3D 球員型,FLOOR_SPACER,SOLID_DEFENDER,PG/SG,2,53.3,29.6,ROTATION
Gary Trent Jr.,MIL,26.0,74,25.6,11.1,2.3,1.2,1.0,0.1,0.07,0.5886720407297411,1.9,10.9,-0.38,0.78,3.5,30.9,0,30.9,2.09,1.49,MINIMUM_PLUS,3.22,1.13,THREE_AND_D,3D 球員型,FLOOR_SPACER,LIMITED_DEFENDER,PG/SG,2,41.3,29.6,ROTATION
Isaiah Joe,OKC,25.0,74,21.7,10.2,2.6,1.6,0.6,0.1,0.089,0.6180319922443043,15.8,11.16,3.8,2.37,3.04,43.5,0,43.5,12.99,9.24,MID_LEVEL,6.38,-6.61,THREE_AND_D,3D 球員型,FLOOR_SPACER,SOLID_DEFENDER,PG,1,38.3,29.6,ROTATION
Kris Dunn,LAC,31.0,74,24.1,6.4,3.4,2.8,1.7,0.4,0.07,0.5305039787798409,7.8,13.34,1.64,1.65,4.03,35.2,-2,33.2,5.17,3.68,ROLE_PLAYER,3.61,-1.56,ROLE_PLAYER,角色球員型,FINISHER,PERIMETER_STOPPER,PG,1,49.6,29.4,ROTATION
Kyle Anderson,MIA,31.0,61,16.4,5.9,3.4,2.4,0.7,0.5,0.108,0.537928519328957,-1.5,11.96,-2.53,-0.13,2.03,34.7,-2,32.7,8.78,6.25,ROLE_PLAYER,3.49,-5.29,STRETCH_BIG,空間型大個子,FINISHER,SOLID_DEFENDER,PF/SF,2,54.0,29.2,ROTATION
Malcolm Brogdon,WAS,32.0,24,23.5,12.7,3.8,4.1,0.5,0.2,0.113,0.5440370116518163,-10.4,14.56,-4.3,-0.33,1.39,43.0,-2,41.0,22.5,16.0,NEAR_MAX,5.46,-17.04,ROLE_PLAYER,角色球員型,SECONDARY_PLAYMAKER,LIMITED_DEFENDER,PG/SG,2,44.2,29.2,ROTATION
Zaccharie Risacher,ATL,20.0,75,24.6,12.6,3.6,1.2,0.7,0.5,0.071,0.5585106382978723,-2.7,12.77,-1.73,0.13,3.99,32.6,5,37.6,12.57,8.94,MID_LEVEL,4.9,-7.67,ROLE_PLAYER,角色球員型,FINISHER,LIMITED_DEFENDER,SF/SG,2,44.7,28.4,ROTATION
Sam Merrill,CLE,29.0,71,19.7,7.2,2.2,1.5,0.7,0.2,0.069,0.582901554404145,10.3,9.59,1.19,1.13,2.27,26.1,-2,24.1,2.16,1.54,MINIMUM_PLUS,2.41,0.25,THREE_AND_D,3D 球員型,FLOOR_SPACER,SOLID_DEFENDER,PG/SG,2,53.6,28.3,ROTATION
Moses Moody,GSW,23.0,74,22.3,9.8,2.6,1.3,0.8,0.4,0.076,0.5770136599152142,4.3,11.03,0.15,0.9,3.08,31.5,3,34.5,5.8,4.13,ROLE_PLAYER,4.12,-1.68,THREE_AND_D,3D 球員型,FLOOR_SPACER,LIMITED_DEFENDER,PG/SG,2,44.2,28.2,ROTATION
Javonte Green,CLE,31.0,68,18.5,5.1,3.2,0.8,1.0,0.5,0.064,0.5444064901793338,-7.8,10.08,-4.4,-0.77,2.15,13.5,-2,11.5,0.6,0.43,MINIMUM,1.09,0.49,ROLE_PLAYER,角色球員型,FINISHER,VERSATILE_DEFENDER,PG/SG,2,61.0,28.1,ROTATION
Kyle Kuzma,MIL,29.0,65,29.8,14.8,5.7,2.3,0.6,0.3,0.08,0.5151768309663046,-10.3,14.91,-4.3,-1.13,4.89,38.2,-2,36.2,22.41,15.94,NEAR_MAX,4.55,-17.86,ROLE_PLAYER,角色球員型,FINISHER,LIMITED_DEFENDER,PF/SF,2,48.5,28.0,ROTATION
T.J. McConnell,IND,33.0,79,17.9,9.1,2.4,4.4,1.1,0.3,0.129,0.5455635491606714,-2.7,15.01,-1.65,0.13,3.6,51.0,-5,46.0,9.3,6.62,ROLE_PLAYER,5.95,-3.35,ROLE_PLAYER,角色球員型,SECONDARY_PLAYMAKER,LIMITED_DEFENDER,PG,1,27.9,27.9,ROTATION
Buddy Hield,GSW,32.0,82,22.7,11.1,3.2,1.6,0.8,0.3,0.085,0.557676848874598,2.2,11.52,-0.63,0.65,3.63,35.1,-2,33.1,8.78,6.25,ROLE_PLAYER,3.59,-5.19,THREE_AND_D,3D 球員型,FLOOR_SPACER,LIMITED_DEFENDER,PG/SG,2,49.6,27.9,ROTATION
Ziaire Williams,BKN,23.0,63,24.5,10.0,4.6,1.3,1.0,0.4,0.081,0.5446623093681916,-9.7,12.33,-3.97,-0.77,3.22,30.0,3,33.0,6.13,4.36,ROLE_PLAYER,3.75,-2.38,STRETCH_BIG,空間型大個子,FINISHER,LIMITED_DEFENDER,PF/SF,2,46.0,27.6,ROTATION
Dorian Finney-Smith,LAL,32.0,63,28.9,8.7,3.9,1.4,0.9,0.4,0.06,0.603496115427303,8.8,12.45,2.29,1.98,3.84,36.7,-2,34.7,14.92,10.61,MID_LEVEL,3.97,-10.95,THREE_AND_D,3D 球員型,FLOOR_SPACER,LIMITED_DEFENDER,SF/SG,2,47.6,27.3,ROTATION
Klay Thompson,DAL,35.0,72,27.3,14.0,3.4,2.0,0.7,0.4,0.083,0.5537974683544304,-2.4,12.49,-1.51,0.24,4.16,37.4,-5,32.4,15.87,11.29,MID_LEVEL,2.52,-13.35,THREE_AND_D,3D 球員型,FLOOR_SPACER,LIMITED_DEFENDER,PG/SG,2,52.2,27.2,ROTATION
Matas Buzelis,CHI,20.0,80,18.9,8.6,3.5,1.0,0.4,0.9,0.079,0.5721128259712612,-1.7,11.58,-1.68,0.12,2.97,29.0,5,34.0,5.2,3.7,ROLE_PLAYER,4.0,-1.2,STRETCH_BIG,空間型大個子,FLOOR_SPACER,LIMITED_DEFENDER,PF/SF,2,41.1,27.1,ROTATION
Caleb Martin,DAL,29.0,45,27.1,7.9,3.9,2.1,1.0,0.5,0.063,0.5084963954685892,-6.3,12.24,-3.78,-0.55,2.53,21.1,-2,19.1,8.15,5.8,ROLE_PLAYER,1.91,-6.24,ROLE_PLAYER,角色球員型,FINISHER,VERSATILE_DEFENDER,PG/SG,2,69.4,26.9,ROTATION
Dillon Brooks,HOU,29.0,75,31.8,14.0,3.7,1.7,0.8,0.2,0.067,0.5553792446842272,4.7,12.76,0.48,1.5,5.15,37.2,-2,35.2,22.26,15.83,NEAR_MAX,4.3,-17.96,THREE_AND_D,3D 球員型,FLOOR_SPACER,LIMITED_DEFENDER,PG/SG,2,46.8,26.9,ROTATION
Jeremiah Robinson-Earl,NOP,24.0,66,18.8,6.3,4.8,1.3,0.6,0.1,0.087,0.5573248407643312,-11.8,11.42,-5.91,-1.23,2.4,25.2,3,28.2,2.2,1.56,MINIMUM_PLUS,2.82,0.62,ROLE_PLAYER,角色球員型,FINISHER,LIMITED_DEFENDER,SF/SG,2,41.3,26.8,ROTATION
Jonathan Isaac,ORL,27.0,71,15.4,5.4,4.4,0.6,0.9,1.1,0.108,0.5133079847908746,-0.7,11.21,-1.9,0.03,2.08,31.5,0,31.5,25.0,17.78,NEAR_MAX,3.38,-21.62,ROLE_PLAYER,角色球員型,FINISHER,SOLID_DEFENDER,PF/SF,2,51.4,26.4,ROTATION
Jarace Walker,IND,21.0,75,15.8,6.1,3.1,1.5,0.7,0.3,0.087,0.5869899923017706,-5.0,10.97,-3.15,-0.35,2.2,27.8,5,32.8,6.36,4.52,ROLE_PLAYER,3.7,-2.66,THREE_AND_D,3D 球員型,FLOOR_SPACER,LIMITED_DEFENDER,SF/SG,2,42.8,26.2,ROTATION
Dalton Knecht,LAL,24.0,78,19.2,9.1,2.8,0.8,0.3,0.1,0.087,0.5999472573839663,-2.8,10.05,-2.92,-0.35,2.55,28.7,3,31.7,3.82,2.72,MINIMUM_PLUS,3.42,-0.4,ROLE_PLAYER,角色球員型,FLOOR_SPACER,LIMITED_DEFENDER,PG/SG,2,39.6,26.1,ROTATION
Dennis Schröder,DET,31.0,75,28.1,13.1,2.6,5.4,0.9,0.2,0.091,0.5335614206581949,-0.9,14.78,-0.91,0.58,5.28,45.2,-2,43.2,13.03,9.27,MID_LEVEL,5.99,-7.04,PLAYMAKER,組織者型,SECONDARY_PLAYMAKER,LIMITED_DEFENDER,PG,1,29.2,26.0,ROTATION
Kevin Huerter,CHI,26.0,69,24.3,9.9,3.0,2.3,1.0,0.3,0.073,0.5434782608695652,2.8,12.14,-0.48,0.65,3.45,32.2,0,32.2,16.83,11.97,MID_LEVEL,3.55,-13.28,ROLE_PLAYER,角色球員型,FINISHER,LIMITED_DEFENDER,SF/SG,2,48.0,25.8,ROTATION
Jamison Battle,TOR,24.0,59,17.7,7.1,2.7,0.9,0.3,0.2,0.072,0.5885278514588859,-8.4,9.19,-4.97,-0.79,1.63,17.0,3,20.0,1.0,0.71,MINIMUM,2.0,1.0,ROLE_PLAYER,角色球員型,FLOOR_SPACER,LIMITED_DEFENDER,SF/SG,2,39.6,25.7,ROTATION
Gary Payton II,GSW,32.0,62,15.0,6.5,3.0,1.3,0.8,0.3,0.104,0.641785150078989,3.4,12.12,0.61,0.62,1.91,43.1,-2,41.1,9.13,6.49,ROLE_PLAYER,5.49,-3.64,ROLE_PLAYER,角色球員型,FINISHER,LIMITED_DEFENDER,PG,1,29.2,25.6,ROTATION
Bogdan Bogdanović,LAC,32.0,54,25.0,10.8,2.9,2.7,0.8,0.2,0.074,0.5608641462401329,2.7,12.4,-0.4,0.55,2.84,34.1,-2,32.1,17.26,12.28,MID_LEVEL,3.35,-13.91,THREE_AND_D,3D 球員型,FLOOR_SPACER,LIMITED_DEFENDER,PG/SG,2,46.8,25.3,ROTATION
Jerami Grant,POR,31.0,47,32.4,14.4,3.5,2.1,0.9,1.0,0.07,0.5240174672489084,-6.1,12.4,-1.91,0.03,3.2,30.6,-2,28.6,29.79,21.19,NEAR_MAX,2.72,-27.07,THREE_AND_D,3D 球員型,FLOOR_SPACER,LIMITED_DEFENDER,SF/SG,2,53.3,25.3,ROTATION
D'Angelo Russell,BKN,29.0,58,25.5,12.6,2.8,5.1,1.0,0.4,0.098,0.5206611570247934,-1.5,14.44,-1.01,0.37,3.62,43.9,-2,41.9,18.69,13.29,MID_LEVEL,5.97,-12.72,PLAYMAKER,組織者型,SECONDARY_PLAYMAKER,LIMITED_DEFENDER,PG,1,30.8,25.2,ROTATION
A.J. Lawson,TOR,24.0,26,18.7,9.1,3.3,1.2,0.5,0.2,0.082,0.5445189085686931,-1.4,10.25,-2.95,-0.12,0.84,21.2,3,24.2,2.12,1.51,MINIMUM_PLUS,2.42,0.3,ROLE_PLAYER,角色球員型,FINISHER,LIMITED_DEFENDER,PG/SG,2,44.2,25.1,ROTATION
Georges Niang,ATL,32.0,79,21.5,9.9,3.4,1.4,0.4,0.2,0.071,0.6105081401085347,4.7,11.68,0.24,0.97,3.36,35.3,-2,33.3,8.5,6.05,ROLE_PLAYER,3.63,-4.87,ROLE_PLAYER,角色球員型,FLOOR_SPACER,LIMITED_DEFENDER,SF/SG,2,41.1,25.0,ROTATION
Miles McBride,NYK,24.0,64,24.9,9.5,2.5,2.9,1.0,0.3,0.077,0.5313199105145414,7.1,11.82,0.56,1.04,3.19,32.7,3,35.7,4.71,3.35,MINIMUM_PLUS,4.43,-0.28,THREE_AND_D,3D 球員型,FLOOR_SPACER,LIMITED_DEFENDER,PG,1,28.7,24.4,TRADEABLE
Davion Mitchell,MIA,26.0,74,27.4,7.9,2.3,4.9,1.0,0.2,0.069,0.573794305636258,0.3,14.37,-0.56,0.74,4.94,38.2,0,38.2,6.45,4.59,ROLE_PLAYER,5.05,-1.4,THREE_AND_D,3D 球員型,SECONDARY_PLAYMAKER,LIMITED_DEFENDER,PG,1,27.2,24.3,TRADEABLE
Mike Conley,MIN,37.0,71,24.7,8.2,2.6,4.5,1.1,0.2,0.092,0.5716675962074734,6.5,13.43,1.41,1.52,3.99,45.3,-5,40.3,9.98,7.1,ROLE_PLAYER,3.9,-6.08,THREE_AND_D,3D 球員型,SECONDARY_PLAYMAKER,LIMITED_DEFENDER,PG,1,29.2,24.2,TRADEABLE
Jalen Wilson,BKN,24.0,79,25.7,9.5,3.4,1.8,0.5,0.1,0.065,0.5444750114626318,-6.7,10.43,-4.47,-1.27,3.59,20.3,3,23.3,1.89,1.34,MINIMUM,2.33,0.44,ROLE_PLAYER,角色球員型,FINISHER,LIMITED_DEFENDER,PG/SG,2,41.3,24.1,TRADEABLE
Cole Anthony,MEM,25.0,67,18.4,9.4,3.0,2.9,0.7,0.5,0.105,0.5311934900542497,-1.2,12.39,-2.0,0.0,2.59,37.7,0,37.7,12.9,9.18,MID_LEVEL,4.93,-7.97,ROLE_PLAYER,角色球員型,FINISHER,LIMITED_DEFENDER,PG,1,33.0,24.1,TRADEABLE
Amir Coffey,LAC,28.0,72,24.3,9.7,2.2,1.1,0.6,0.1,0.072,0.61454637607704,-1.4,10.68,-1.71,0.13,3.16,28.4,0,28.4,3.94,2.8,MINIMUM_PLUS,2.84,-1.1,THREE_AND_D,3D 球員型,FLOOR_SPACER,LIMITED_DEFENDER,SF/SG,2,41.3,24.1,TRADEABLE
Terance Mann,ATL,28.0,67,21.1,7.7,3.0,1.8,0.7,0.2,0.074,0.5798192771084337,-2.3,11.74,-2.34,-0.12,2.81,27.8,0,27.8,11.42,8.12,MID_LEVEL,2.78,-8.64,THREE_AND_D,3D 球員型,FLOOR_SPACER,LIMITED_DEFENDER,PG/SG,2,46.8,23.4,TRADEABLE
Haywood Highsmith,MIA,28.0,74,24.6,6.5,3.4,1.5,0.9,0.5,0.057,0.5841121495327103,1.4,11.7,-0.57,0.66,3.61,27.0,0,27.0,5.2,3.7,ROLE_PLAYER,2.7,-2.5,THREE_AND_D,3D 球員型,FLOOR_SPACER,LIMITED_DEFENDER,PG/SG,2,44.2,23.4,TRADEABLE
Corey Kispert,WAS,26.0,61,26.3,11.6,3.0,1.7,0.4,0.2,0.074,0.5849132714804356,-8.5,11.77,-3.99,-0.81,3.2,29.4,0,29.4,5.71,4.06,ROLE_PLAYER,2.94,-2.77,ROLE_PLAYER,角色球員型,FLOOR_SPACER,LIMITED_DEFENDER,PG/SG,2,41.1,23.4,TRADEABLE
Patrick Williams,CHI,23.0,63,25.0,9.0,3.8,2.0,0.8,0.5,0.062,0.5129958960328318,-4.8,11.58,-3.42,-0.57,3.09,21.3,3,24.3,18.5,13.16,MID_LEVEL,2.43,-16.07,ROLE_PLAYER,角色球員型,FINISHER,LIMITED_DEFENDER,SF/SG,2,52.8,23.1,TRADEABLE
Duncan Robinson,MIA,31.0,74,24.1,11.0,2.3,2.4,0.5,0.1,0.078,0.5908895573700043,0.2,11.54,-1.31,0.31,3.49,33.7,-2,31.7,19.41,13.81,MID_LEVEL,3.25,-16.16,THREE_AND_D,3D 球員型,FLOOR_SPACER,LIMITED_DEFENDER,SF/SG,2,41.3,23.0,TRADEABLE
Nicolas Batum,LAC,36.0,78,17.5,4.0,2.8,1.1,0.7,0.5,0.069,0.6188118811881188,5.9,9.97,0.58,0.89,2.31,27.3,-5,22.3,4.67,3.32,MINIMUM_PLUS,1.56,-3.11,THREE_AND_D,3D 球員型,FLOOR_SPACER,SOLID_DEFENDER,SF/SG,2,51.5,22.7,TRADEABLE
Danté Exum,DAL,29.0,20,18.6,8.7,1.7,2.8,0.6,0.2,0.083,0.5875202593192869,-6.0,11.72,-3.3,-0.12,0.74,27.6,-2,25.6,3.15,2.24,MINIMUM_PLUS,2.56,-0.59,THREE_AND_D,3D 球員型,FLOOR_SPACER,LIMITED_DEFENDER,PG/SG,2,40.0,22.6,TRADEABLE
Landry Shamet,NYK,28.0,50,15.2,5.7,1.2,0.5,0.5,0.0,0.062,0.5967336683417086,5.1,7.65,-1.37,0.12,0.98,14.6,0,14.6,1.34,0.95,MINIMUM,1.46,0.12,THREE_AND_D,3D 球員型,FLOOR_SPACER,SOLID_DEFENDER,PG/SG,2,51.2,22.5,TRADEABLE
Jordan Clarkson,UTA,33.0,37,26.0,16.2,3.2,3.7,0.8,0.2,0.102,0.5394246137453382,-10.0,14.09,-3.52,-0.37,2.3,41.1,-5,36.1,14.09,10.02,MID_LEVEL,3.85,-10.24,ROLE_PLAYER,角色球員型,FLOOR_SPACER,LIMITED_DEFENDER,PG,1,31.8,22.4,TRADEABLE
Ja'Kobe Walter,TOR,20.0,52,21.2,8.6,3.1,1.6,0.8,0.2,0.068,0.5178227360308285,-2.4,10.34,-3.35,-0.38,1.93,17.1,5,22.1,3.56,2.53,MINIMUM_PLUS,2.21,-1.35,ROLE_PLAYER,角色球員型,FINISHER,LIMITED_DEFENDER,PG/SG,2,46.8,22.4,TRADEABLE
Dalano Banton,POR,25.0,67,16.7,8.3,2.0,2.4,0.6,0.5,0.089,0.4919393077287814,-1.5,9.93,-3.52,-0.43,1.88,22.1,0,22.1,2.2,1.56,MINIMUM_PLUS,2.21,0.01,ROLE_PLAYER,角色球員型,FINISHER,LIMITED_DEFENDER,SF/SG,2,40.8,22.2,TRADEABLE
Jeff Dowtin Jr.,PHI,28.0,41,15.1,7.0,1.5,1.9,0.6,0.3,0.106,0.5752794214332676,-9.2,10.3,-4.88,-0.45,1.08,28.7,0,28.7,2.2,1.56,MINIMUM_PLUS,2.87,0.67,THREE_AND_D,3D 球員型,FLOOR_SPACER,LIMITED_DEFENDER,PG,1,24.7,21.2,TRADEABLE
Dean Wade,CLE,28.0,59,21.2,5.4,4.2,1.3,0.7,0.3,0.067,0.5601659751037346,10.7,10.72,1.09,0.98,2.27,25.9,0,25.9,6.17,4.39,ROLE_PLAYER,2.59,-3.58,STRETCH_BIG,空間型大個子,FLOOR_SPACER,LIMITED_DEFENDER,PF/SF,2,41.0,21.2,TRADEABLE
Kentavious Caldwell-Pope,MEM,32.0,77,29.6,8.7,2.2,1.8,1.3,0.4,0.065,0.5702674357629784,0.5,11.67,-0.5,0.87,4.51,30.2,-2,28.2,22.76,16.19,NEAR_MAX,2.68,-20.08,ROLE_PLAYER,角色球員型,FINISHER,LIMITED_DEFENDER,PG/SG,2,41.6,21.0,TRADEABLE
Antonio Reeves,NOP,24.0,44,15.0,6.9,1.4,0.9,0.5,0.1,0.072,0.5796370967741936,-10.2,8.5,-5.83,-0.64,0.95,13.3,3,16.3,1.16,0.83,MINIMUM,1.63,0.47,THREE_AND_D,3D 球員型,FLOOR_SPACER,LIMITED_DEFENDER,PG/SG,2,39.5,20.8,TRADEABLE
Johnny Juzang,UTA,24.0,64,19.8,8.9,2.9,1.1,0.6,0.1,0.071,0.5740454076367388,-13.1,10.12,-6.01,-1.29,2.17,18.9,3,21.9,3.09,2.2,MINIMUM_PLUS,2.19,-0.9,THREE_AND_D,3D 球員型,FLOOR_SPACER,LIMITED_DEFENDER,PG/SG,2,41.3,20.7,TRADEABLE
Isaac Okoro,CLE,24.0,55,19.1,6.1,2.4,1.2,0.6,0.3,0.057,0.5807311500380806,12.5,9.86,1.61,0.96,1.75,21.2,3,24.2,10.19,7.25,MID_LEVEL,2.42,-7.77,THREE_AND_D,3D 球員型,FLOOR_SPACER,LIMITED_DEFENDER,PG/SG,2,42.8,20.0,TRADEABLE
Ronald Holland II,DET,19.0,81,15.6,6.4,2.7,1.0,0.6,0.2,0.078,0.5555555555555556,-1.0,9.78,-3.04,-0.33,2.09,18.9,5,23.9,8.25,5.87,ROLE_PLAYER,2.39,-5.86,ROLE_PLAYER,角色球員型,FINISHER,LIMITED_DEFENDER,SF/SG,2,42.1,19.9,TRADEABLE
Garrison Mathews,ATL,28.0,47,17.6,7.5,1.9,1.3,0.6,0.3,0.068,0.6001920614596671,-3.5,9.18,-2.67,-0.14,1.29,19.3,0,19.3,2.23,1.59,MINIMUM_PLUS,1.93,-0.3,THREE_AND_D,3D 球員型,FLOOR_SPACER,LIMITED_DEFENDER,PG/SG,2,40.5,19.9,TRADEABLE
Jarred Vanderbilt,LAL,26.0,36,16.1,4.1,5.1,1.1,1.0,0.3,0.082,0.5338541666666666,3.3,11.72,-1.27,0.11,1.15,25.0,0,25.0,10.71,7.62,MID_LEVEL,2.5,-8.21,ROLE_PLAYER,角色球員型,FINISHER,LIMITED_DEFENDER,SF/SG,2,39.6,19.2,TRADEABLE
Julian Strawther,DEN,23.0,65,21.3,9.0,2.2,1.3,0.6,0.2,0.057,0.5544603252833908,-2.5,9.83,-3.15,-0.4,2.31,15.5,3,18.5,2.55,1.81,MINIMUM_PLUS,1.85,-0.7,ROLE_PLAYER,角色球員型,FINISHER,LIMITED_DEFENDER,PG/SG,2,41.6,19.2,TRADEABLE
Marcus Smart,WAS,31.0,34,20.0,9.0,2.1,3.2,1.1,0.3,0.086,0.5279211637728767,2.6,11.58,-0.79,0.21,1.33,29.0,-2,27.0,20.21,14.38,NEAR_MAX,2.56,-17.65,ROLE_PLAYER,角色球員型,FINISHER,SOLID_DEFENDER,PG,1,38.1,19.2,TRADEABLE
Ricky Council IV,PHI,23.0,73,17.1,7.3,2.9,1.3,0.4,0.2,0.08,0.5052602436323367,-6.1,8.68,-5.62,-1.15,1.84,14.1,3,17.1,1.89,1.34,MINIMUM,1.71,-0.18,ROLE_PLAYER,角色球員型,FINISHER,LIMITED_DEFENDER,PG/SG,2,41.1,19.2,TRADEABLE
KJ Martin,UTA,24.0,43,21.2,6.4,2.9,1.1,0.4,0.5,0.061,0.6172839506172839,-8.1,11.22,-3.72,-0.4,1.73,20.0,3,23.0,7.98,5.68,ROLE_PLAYER,2.3,-5.68,ROLE_PLAYER,角色球員型,FINISHER,LIMITED_DEFENDER,PG/SG,2,41.1,19.1,TRADEABLE
Tristan da Silva,ORL,24.0,74,22.0,7.2,3.3,1.5,0.4,0.2,0.074,0.5220417633410673,-4.2,9.75,-4.6,-1.08,2.69,17.0,3,20.0,3.63,2.58,MINIMUM_PLUS,2.0,-1.63,ROLE_PLAYER,角色球員型,FINISHER,LIMITED_DEFENDER,SF/SG,2,41.1,18.9,TRADEABLE
Bruce Brown,NOP,28.0,41,22.5,8.3,4.0,2.0,0.8,0.2,0.078,0.5058508044856168,-11.9,11.58,-6.21,-0.99,1.81,20.5,0,20.5,23.0,16.36,NEAR_MAX,2.05,-20.95,ROLE_PLAYER,角色球員型,FINISHER,LIMITED_DEFENDER,PG/SG,2,46.8,18.8,TRADEABLE
Vince Williams Jr.,MEM,24.0,27,18.5,6.6,3.6,2.0,0.4,0.3,0.065,0.5003032140691328,1.2,10.22,-3.17,-0.15,0.86,14.0,3,17.0,2.12,1.51,MINIMUM_PLUS,1.7,-0.42,ROLE_PLAYER,角色球員型,FINISHER,LIMITED_DEFENDER,PG/SG,2,41.1,18.6,TRADEABLE
Ryan Dunn,PHX,22.0,74,19.1,6.9,3.6,0.8,0.6,0.5,0.059,0.5211480362537765,-4.7,10.13,-4.18,-0.78,2.43,12.9,5,17.9,2.54,1.81,MINIMUM_PLUS,1.79,-0.75,ROLE_PLAYER,角色球員型,FINISHER,LIMITED_DEFENDER,SF/SG,2,40.0,18.1,TRADEABLE
Daniel Theis,NOP,33.0,38,16.3,4.3,4.3,1.6,0.5,0.5,0.081,0.5598958333333334,-5.9,11.32,-3.97,-0.31,1.19,22.7,-5,17.7,2.09,1.49,MINIMUM_PLUS,1.5,-0.59,ROLE_PLAYER,角色球員型,FINISHER,LIMITED_DEFENDER,SF/SG,2,40.0,18.1,TRADEABLE
Jamal Shead,TOR,22.0,75,19.6,7.1,1.5,4.2,0.8,0.1,0.07,0.5002818489289741,-7.8,11.14,-5.37,-1.26,2.77,17.9,5,22.9,1.86,1.32,MINIMUM,2.29,0.43,ROLE_PLAYER,角色球員型,SECONDARY_PLAYMAKER,LIMITED_DEFENDER,PG,1,24.7,17.9,TRADEABLE
Josh Green,CHA,24.0,68,27.8,7.4,2.5,1.6,1.1,0.2,0.043,0.5535607420706165,-8.9,10.61,-4.44,-1.17,3.4,16.5,3,19.5,12.65,9.0,MID_LEVEL,1.95,-10.7,THREE_AND_D,3D 球員型,FLOOR_SPACER,LIMITED_DEFENDER,PG/SG,2,43.7,17.5,TRADEABLE
Jordan Hawkins,NOP,23.0,56,23.6,10.8,2.8,1.2,0.5,0.4,0.066,0.5050505050505051,-11.4,9.09,-6.29,-1.44,2.03,12.8,3,15.8,4.53,3.22,MINIMUM_PLUS,1.58,-2.95,ROLE_PLAYER,角色球員型,FINISHER,LIMITED_DEFENDER,PG/SG,2,44.2,16.8,TRADEABLE
Noah Clowney,BKN,20.0,46,22.7,9.1,3.9,0.9,0.5,0.5,0.061,0.514240506329114,-12.3,9.37,-6.34,-1.15,1.66,11.2,5,16.2,3.24,2.3,MINIMUM_PLUS,1.62,-1.62,STRETCH_BIG,空間型大個子,FINISHER,LIMITED_DEFENDER,PF/SF,2,40.9,16.6,TRADEABLE
Tim Hardaway Jr.,DET,33.0,77,28.0,11.0,2.4,1.6,0.5,0.1,0.066,0.5707762557077625,-0.5,10.05,-2.1,-0.05,3.67,24.5,-5,19.5,16.19,11.52,MID_LEVEL,1.66,-14.53,THREE_AND_D,3D 球員型,FLOOR_SPACER,LIMITED_DEFENDER,PG/SG,2,41.3,16.4,TRADEABLE
Ben Sheppard,IND,23.0,63,19.5,5.3,2.8,1.3,0.6,0.2,0.055,0.554857621440536,-2.2,9.34,-3.48,-0.46,1.94,11.7,3,14.7,2.66,1.89,MINIMUM_PLUS,1.47,-1.19,ROLE_PLAYER,角色球員型,FINISHER,LIMITED_DEFENDER,PG/SG,2,40.9,16.1,TRADEABLE
Kris Murray,POR,24.0,69,15.1,4.2,2.6,1.0,0.5,0.2,0.061,0.4825367647058823,-1.8,8.05,-5.24,-0.86,1.42,5.3,3,8.3,2.99,2.13,MINIMUM_PLUS,1.0,-1.99,ROLE_PLAYER,角色球員型,FINISHER,SOLID_DEFENDER,SF/SG,2,51.8,15.6,TRADEABLE
Svi Mykhailiuk,UTA,28.0,38,20.0,8.8,2.4,2.0,0.5,0.2,0.067,0.5303760848601735,-7.4,9.64,-5.06,-0.59,1.24,13.5,0,13.5,3.5,2.49,MINIMUM_PLUS,1.35,-2.15,ROLE_PLAYER,角色球員型,FINISHER,LIMITED_DEFENDER,SF/SG,2,42.9,15.4,TRADEABLE
Terry Rozier,MIA,31.0,64,25.9,10.6,3.7,2.6,0.6,0.2,0.078,0.4977460555972953,-4.9,11.46,-4.14,-0.9,3.22,26.0,-2,24.0,24.92,17.73,NEAR_MAX,2.28,-22.64,ROLE_PLAYER,角色球員型,FINISHER,LIMITED_DEFENDER,PG,1,31.8,15.2,TRADEABLE
GG Jackson,MEM,20.0,29,15.8,7.2,3.2,1.0,0.4,0.2,0.064,0.4789781798829164,-5.9,8.26,-6.12,-0.48,0.64,6.7,5,11.7,1.89,1.34,MINIMUM,1.17,-0.72,STRETCH_BIG,空間型大個子,FINISHER,LIMITED_DEFENDER,PF/SF,2,41.1,15.0,TRADEABLE
Jaden Hardy,DAL,22.0,57,15.9,8.7,1.6,1.4,0.5,0.1,0.069,0.5464824120603015,-3.2,9.11,-3.96,-0.45,1.4,14.3,5,19.3,2.02,1.44,MINIMUM_PLUS,1.93,-0.09,ROLE_PLAYER,角色球員型,FLOOR_SPACER,LIMITED_DEFENDER,PG,1,24.9,14.8,TRADEABLE
Tidjane Salaün,CHA,19.0,60,20.7,5.9,4.7,1.2,0.5,0.2,0.065,0.4535670356703568,-11.9,8.82,-8.12,-1.93,1.86,9.6,5,14.6,7.49,5.33,ROLE_PLAYER,1.46,-6.03,ROLE_PLAYER,角色球員型,FINISHER,LIMITED_DEFENDER,SF/SG,2,42.0,14.6,TRADEABLE
AJ Johnson,WAS,20.0,29,22.0,7.6,2.0,2.6,0.4,0.1,0.053,0.4827235772357723,-11.5,9.06,-7.66,-0.92,0.98,7.0,5,12.0,2.8,1.99,MINIMUM_PLUS,1.2,-1.6,ROLE_PLAYER,角色球員型,FINISHER,LIMITED_DEFENDER,PG/SG,2,40.8,14.0,TRADEABLE
Nick Smith Jr.,CHA,21.0,60,22.8,9.9,2.1,2.4,0.3,0.1,0.064,0.502436053593179,-14.3,9.38,-7.94,-2.06,2.17,12.8,5,17.8,2.59,1.84,MINIMUM_PLUS,1.78,-0.81,ROLE_PLAYER,角色球員型,FINISHER,LIMITED_DEFENDER,PG,1,24.6,12.5,TRADEABLE
Delon Wright,NYK,33.0,40,15.9,3.1,1.7,1.9,0.9,0.3,0.061,0.4349046015712682,-0.2,7.82,-5.08,-0.5,0.84,5.7,-5,0.7,2.09,1.49,MINIMUM_PLUS,0.85,-1.24,ROLE_PLAYER,角色球員型,FINISHER,SOLID_DEFENDER,PG/SG,2,51.2,11.9,TRADEABLE
Simone Fontecchio,DET,29.0,75,16.5,5.9,2.9,0.9,0.4,0.2,0.068,0.537928519328957,1.2,8.57,-3.09,-0.34,1.8,12.5,-2,10.5,7.69,5.47,ROLE_PLAYER,1.05,-6.64,ROLE_PLAYER,角色球員型,FINISHER,LIMITED_DEFENDER,SF/SG,2,40.9,11.8,TRADEABLE
Lindy Waters III,DET,27.0,52,15.0,4.9,2.1,1.0,0.5,0.2,0.061,0.501227495908347,1.4,7.39,-3.9,-0.38,0.98,5.8,0,5.8,2.2,1.56,MINIMUM_PLUS,1.0,-1.2,ROLE_PLAYER,角色球員型,FINISHER,LIMITED_DEFENDER,PG/SG,2,40.5,10.8,TRADEABLE
Cody Williams,UTA,20.0,50,21.2,4.6,2.3,1.2,0.5,0.3,0.021,0.4218635363169479,-15.5,6.74,-10.36,-2.25,1.21,2.8,5,7.8,5.49,3.91,ROLE_PLAYER,1.0,-4.49,ROLE_PLAYER,角色球員型,FINISHER,LIMITED_DEFENDER,SF/SG,2,40.4,10.5,TRADEABLE
Eric Gordon,PHI,36.0,39,19.7,6.8,1.2,1.7,0.7,0.3,0.067,0.5935754189944135,-5.4,9.39,-3.36,-0.27,1.22,18.2,-5,13.2,3.3,2.35,MINIMUM_PLUS,0.92,-2.38,THREE_AND_D,3D 球員型,FLOOR_SPACER,LIMITED_DEFENDER,PG,1,24.2,7.9,TRADEABLE
Maxi Kleber,LAL,33.0,34,18.7,3.0,2.8,1.3,0.3,0.5,0.035,0.489556135770235,-0.4,8.24,-4.59,-0.42,0.89,4.7,-5,-0.3,11.0,7.82,MID_LEVEL,0.85,-10.15,ROLE_PLAYER,角色球員型,FINISHER,LIMITED_DEFENDER,PF/SF,2,39.1,5.4,TRADEABLE
Kyle Lowry,PHI,39.0,35,18.8,3.9,1.9,2.7,0.9,0.3,0.067,0.5275974025974026,-5.8,9.48,-4.55,-0.43,1.06,12.0,-5,7.0,2.09,1.49,MINIMUM_PLUS,0.7,-1.39,ROLE_PLAYER,角色球員型,FINISHER,LIMITED_DEFENDER,PG,1,24.4,5.1,TRADEABLE
Gabe Vincent,LAL,29.0,72,21.2,6.4,1.3,1.4,0.7,0.2,0.039,0.5394470667565746,1.1,8.27,-2.76,-0.29,2.14,10.8,-2,8.8,11.0,7.82,MID_LEVEL,1.0,-10.0,ROLE_PLAYER,角色球員型,FINISHER,LIMITED_DEFENDER,PG,1,24.4,4.8,TRADEABLE
Vasilije Micic,PHX,31.0,41,19.1,6.6,2.2,3.1,0.4,0.0,0.061,0.4621848739495797,-7.2,8.71,-6.91,-0.98,1.16,7.8,-2,5.8,7.72,5.49,ROLE_PLAYER,0.95,-6.77,ROLE_PLAYER,角色球員型,FLOOR_SPACER,LIMITED_DEFENDER,PG,1,24.3,3.3,TRADEABLE
